CA,Eastern Alberta (St. Paul),AB,54.766,-111.7174,
CA,Wainwright Region (Tofield),AB,53.0727,-111.5816,
CA,Central Alberta (Stettler),AB,52.4922,-112.8113,
CA,Western Alberta (Jasper),AB,53.4021,-117.2308,
CA,North Central Alberta (Slave Lake),AB,55.6993,-114.4529,
CA,Northwestern Alberta (High Level),AB,57.5403,-116.9153,
CA,Southeastern Alberta (Drumheller),AB,50.9944,-111.4632,
CA,International Border Region (Cardston),AB,49.4721,-112.2408,
CA,Kananaskis Country (Claresholm),AB,50.6314,-114.4089,
CA,Central Foothills (Sundre),AB,51.9552,-114.8691,
CA,Northeastern Alberta (Fort Chipewyan),AB,58.1176,-111.5094,
CA,Remote Northeast (Fitzgerald),AB,59.9049,-111.6717,
CA,Medicine Hat Central,AB,50.0816,-110.5788,
CA,Medicine Hat South,AB,49.835,-110.5203,
CA,Medicine Hat North,AB,50.0774,-110.6911,
CA,Taber,AB,49.787,-112.146,
CA,Lethbridge North,AB,49.7,-112.8186,
CA,Lethbridge West and Central,AB,49.6581,-112.7484,
CA,Lethbridge Southeast,AB,49.6511,-112.8351,
CA,Banff,AB,51.1762,-115.5698,
CA,Coaldale,AB,49.7167,-112.6185,
CA,Strathmore,AB,51.0501,-113.3852,
CA,Brooks,AB,50.5834,-111.8851,
CA,Okotoks,AB,50.7362,-113.9695,
CA,High River,AB,50.5834,-113.8687,
CA,Canmore,AB,51.0876,-115.3461,
CA,Chestermere,AB,51.0334,-113.8187,
CA,Calgary (Rundle / Whitehorn / Monterey Park),AB,51.0823,-113.9578,
CA,Rocky View,AB,51.1834,-113.9353,
CA,Calgary (Penbrooke Meadows / Marlborough),AB,51.0494,-113.9564,
CA,Calgary (Forest Lawn / Dover / Erin Woods),AB,51.0209,-113.981,
CA,Calgary (Lynnwood Ridge / Ogden / Foothills Industrial / Great Plains),AB,50.987,-113.9634,
CA,Calgary (Bridgeland / Greenview / Zoo / YYC),AB,51.0876,-114.0214,
CA,Calgary (Inglewood / Burnsland / Chinatown / East Victoria Park / Saddledome),AB,51.0272,-114.0349,
CA,Calgary (Highfield / Burns Industrial),AB,50.9894,-114.052,
CA,Calgary (Queensland Downs / Lake Bonavista / Willow Park / Acadia),AB,50.8476,-114.1958,
CA,Calgary (Thornecliffe / Tuxedo),AB,51.1111,-114.0477,
CA,Calgary (Brentwood / Collingwood / Nose Hill),AB,51.1047,-114.1148,
CA,Calgary (Mount Pleasant / Capitol Hill / Banff Trail),AB,51.133,-113.856,
CA,Calgary (Kensington / Westmont / Parkdale / University),AB,51.0621,-114.1159,
CA,Calgary (City Centre / Calgary Tower),AB,51.0708,-113.6931,
CA,Calgary (Connaught / West Victoria Park),AB,51.0412,-114.0762,
CA,Calgary (Elbow Park / Britannia / Parkhill / Mission),AB,51.0233,-114.071,
CA,Calgary South (Altadore / Bankview / Richmond),AB,51.0242,-114.1004,
CA,Calgary (Oak Ridge / Haysboro / Kingsland / Windsor Park),AB,50.9819,-114.1004,
CA,Calgary (Braeside / Woodbine),AB,50.9514,-114.3591,
CA,Calgary (Midnapore / Sundance),AB,50.8837,-114.0326,
CA,Calgary (Millrise / Somerset / Bridlewood / Evergreen),AB,50.9093,-114.1028,
CA,Calgary (Douglas Glen / McKenzie Lake / Copperfield / East Shepard),AB,50.9278,-113.9682,
CA,Calgary (Dalhousie / Edgemont / Hamptons / Hidden Valley),AB,51.1264,-114.1419,
CA,Calgary (Montgomery / Bowness / Silver Springs / Greenwood),AB,51.0915,-114.2073,
CA,Calgary (Rosscarrock / Wildwood / Shaganappi / Sunalta),AB,51.0497,-114.1394,
CA,Calgary (Lakeview / Glendale / Killarney / Glamorgan),AB,50.9899,-114.1574,
CA,Calgary (Hawkwood / Arbour Lake / Royal Oak / Rocky Ridge),AB,51.1387,-114.2015,
CA,Calgary (Discovery Ridge / Signal Hill / Aspen Woods / Patterson / Cougar Ridge),AB,51.0419,-114.2,
CA,Calgary (Martindale / Taradale / Falconridge / Saddle Ridge),AB,51.1188,-113.9471,
CA,Calgary (Sandstone / Harvest Hills / Coventry Hills / Panorama Hills / Beddington),AB,51.1563,-114.0572,
CA,Calgary (Tuscany / Scenic Acres),AB,51.1467,-114.3133,
CA,Calgary (Cranston),AB,50.8796,-113.9555,
CA,Calgary Northeast,AB,51.1626,-113.9537,
CA,Calgary (Symons Valley),AB,51.2074,-114.1348,
CA,Calgary Northwest,AB,51.2021,-114.2453,
CA,Calgary,AB,50.9153,-113.8932,
CA,Redwood Meadows,AB,51.0691,-114.4727,
CA,Airdrie East,AB,51.2799,-113.988,
CA,Airdrie West,AB,51.3082,-114.0398,
CA,Cochrane,AB,51.1834,-114.4687,
CA,Red Deer County,AB,52.212,-113.7239,
CA,Innisfail,AB,52.0269,-113.9507,
CA,Olds,AB,51.7834,-114.102,
CA,Ponoka,AB,52.6768,-113.5815,
CA,Lacombe,AB,52.4668,-113.7353,
CA,Red Deer Central,AB,52.2316,-113.8358,
CA,Red Deer North,AB,52.2954,-113.8073,
CA,Red Deer South,AB,52.2424,-113.7784,
CA,Sylvan Lake,AB,52.3168,-114.0853,
CA,Rocky Mountain House,AB,52.3668,-114.9188,
CA,Camrose,AB,53.0168,-112.8353,
CA,Beaumont,AB,53.3501,-113.4187,
CA,Edmonton (West Clareview / East Londonderry),AB,53.5931,-113.4077,
CA,Edmonton (East North Central / West Beverly),AB,53.7353,-113.3369,
CA,Edmonton (Central Londonderry),AB,53.5996,-113.4549,
CA,Edmonton (West Londonderry / East Calder),AB,53.7358,-113.4524,
CA,Edmonton (North Central / Queen Mary Park / YXD),AB,53.5705,-113.5051,
CA,Edmonton (North and East Downtown Fringe),AB,53.5514,-113.4916,
CA,Edmonton (North Downtown),AB,53.5428,-113.4974,
CA,Edmonton (South Downtown / South Downtown Fringe),AB,53.5366,-113.5103,
CA,Edmonton (North Westmount / West Calder / East Mistatim),AB,53.585,-113.5526,
CA,Edmonton (South Westmount / Groat Estate / East Northwest Industrial),AB,53.563,-113.5662,
CA,Edmonton (Glenora / SW Downtown Fringe),AB,53.5436,-113.5574,
CA,Edmonton (North Jasper Place),AB,53.5463,-113.5957,
CA,Edmonton (Central Jasper Place / Buena Vista),AB,53.5181,-113.5797,
CA,Edmonton (West Northwest Industrial / Winterburn),AB,53.5634,-113.6697,
CA,Edmonton West (West Jasper Place / West Edmonton Mall),AB,53.5185,-113.6579,
CA,Edmonton (Central Mistatim),AB,53.5848,-113.6224,
CA,Edmonton (Central Beverly),AB,53.5645,-113.4022,
CA,Edmonton (East Castledowns),AB,53.6313,-113.5245,
CA,Edmonton (Landbank / Oliver / East Lake District),AB,53.6585,-113.3614,
CA,Edmonton (West Lake District),AB,53.6365,-113.4673,
CA,Edmonton (North Capilano),AB,53.5482,-113.4318,
CA,Edmonton (SE Capilano / West Southeast Industrial / East Bonnie Doon),AB,53.5128,-113.4194,
CA,Edmonton (Central Bonnie Doon),AB,53.522,-113.459,
CA,Edmonton (South Bonnie Doon / East University),AB,53.4914,-113.4802,
CA,Edmonton (West University / Strathcona Place),AB,53.521,-113.5324,
CA,Edmonton (Southgate / North Riverbend),AB,53.3753,-113.4585,
CA,Edmonton (Kaskitayo),AB,53.4564,-113.521,
CA,Edmonton (West Mill Woods),AB,53.4609,-113.4519,
CA,Edmonton (East Mill Woods),AB,53.4593,-113.4145,
CA,Edmonton Southwest,AB,53.4593,-113.6546,
CA,Edmonton (South Industrial),AB,53.465,-113.4776,
CA,Edmonton (East Southeast Industrial / South Clover Bar),AB,53.5078,-113.3723,
CA,Edmonton (Riverbend),AB,53.4567,-113.5801,
CA,Edmonton (North Clover Bar),AB,53.5806,-113.3374,
CA,Edmonton (Meadows),AB,53.4617,-113.371,
CA,Edmonton (West Castledowns),AB,53.6112,-113.5746,
CA,Edmonton (Heritage Valley),AB,53.4179,-113.5785,
CA,Edmonton (Ellerslie),AB,53.4154,-113.4178,
CA,Drayton Valley,AB,53.2168,-114.9854,
CA,Edson,AB,53.5834,-116.4356,
CA,Barrhead,AB,54.1334,-114.4021,
CA,Westlock,AB,54.1502,-113.8688,
CA,Whitecourt,AB,54.1501,-115.6855,
CA,Hinton,AB,53.4001,-117.5857,
CA,Spruce Grove North,AB,53.5334,-113.9187,
CA,Spruce Grove South,AB,53.4184,-113.8097,
CA,Stony Plain,AB,53.5334,-114.0021,
CA,Sherwood Park West,AB,53.528,-113.2512,
CA,Sherwood Park Outer Southwest,AB,53.4397,-113.2952,
CA,Sherwood Park Inner Southwest,AB,53.4391,-113.1903,
CA,Sherwood Park Central,AB,53.5225,-113.1022,
CA,Sherwood Park East,AB,53.5052,-112.9529,
CA,Sherwood Park Northwest,AB,53.556,-113.2952,
CA,Fort Saskatchewan,AB,53.7168,-113.2187,
CA,St. Albert,AB,53.6334,-113.6353,
CA,Morinville,AB,53.8001,-113.652,
CA,Peace River,AB,56.2501,-117.286,
CA,St. Albert,AB,53.6867,-113.7102,
CA,Grande Prairie Central,AB,55.173,-118.7582,
CA,Grande Prairie South,AB,55.1359,-118.8036,
CA,Grande Prairie East,AB,55.1834,-118.7457,
CA,Wetaskiwin,AB,52.9668,-113.3687,
CA,Vegreville,AB,53.5001,-112.0518,
CA,Leduc,AB,53.2668,-113.552,
CA,Devon,AB,53.3668,-113.7353,
CA,Fort McMurray Outer Central,AB,56.664,-111.1357,
CA,Fort McMurray Inner Central,AB,56.707,-111.3771,
CA,Fort McMurray Northwest,AB,56.7538,-111.435,
CA,Cold Lake,AB,54.4502,-110.2017,
CA,Bonnyville,AB,54.2668,-110.7351,
CA,Athabasca,AB,54.7169,-113.2854,
CA,Lloydminster,AB,53.2717,-110.0853,
CA,Wainwright,AB,52.839,-110.8572,
CA,Vermilion,AB,53.3669,-110.8517,
CA,Upper Columbia Region (Golden),BC,51.2994,-116.939,
CA,East Kootenays (Fernie),BC,49.6775,-115.5636,
CA,Northern British Columbia (Fort Nelson),BC,58.3874,-125.7167,
CA,Central Okanagan and High Country (Revelstoke),BC,51.505,-119.2034,
CA,West Kootenays (Rossland),BC,50.053,-117.4291,
CA,South Okanagan (Summerland),BC,49.4089,-119.0054,
CA,Omineca and Yellowhead (Smithers),BC,55.9964,-126.8574,
CA,Cariboo and West Okanagan (100 Mile House),BC,51.4367,-121.6384,
CA,Chilcotin (Alexis Creek),BC,52.0993,-123.6526,
CA,Harrison Lake Region (Agassiz),BC,49.6346,-122.038,
CA,North Island, and Southern Gulf Islands (Whistler),,,-125.1793
CA,North Central Island and Bute Inlet Region (Gold River),BC,50.3885,-125.6093,
CA,Central Island (Chemainus),BC,49.027,-124.8461,
CA,Juan de Fuca Shore (Sooke),BC,48.557,-124.1515,
CA,Inside Passage and the Queen Charlottes (Queen Charlotte City),BC,52.5629,-128.5226,
CA,Lower Skeena (Port Edward),BC,53.9725,-129.8986,
CA,Atlin Region (Atlin),BC,59.6378,-133.5433,
CA,Similkameen (Hope),BC,49.3688,-120.6569,
CA,Kimberley,BC,49.6832,-115.9855,
CA,Vernon East,BC,50.084,-118.938,
CA,Cranbrook,BC,49.4999,-115.7688,
CA,Salmon Arm,BC,50.6998,-119.2691,
CA,Dawson Creek,BC,55.7666,-120.2362,
CA,Vernon West,BC,50.2868,-119.4975,
CA,Fort St. John,BC,56.2499,-120.8529,
CA,Merritt,BC,50.1122,-120.7942,
CA,Nelson,BC,49.4999,-117.2855,
CA,Langley Township North,BC,49.1661,-122.5792,
CA,Castlegar,BC,49.2998,-117.6689,
CA,Kelowna East,BC,49.8959,-119.1724,
CA,Trail,BC,49.0998,-117.7022,
CA,Kamloops Southwest,BC,50.5583,-120.5477,
CA,Vernon Central,BC,50.2604,-119.2774,
CA,Kelowna North,BC,49.9497,-119.4339,
CA,Kelowna Southwest,BC,49.812,-119.5076,
CA,Kelowna East Central,BC,50.0528,-119.2858,
CA,Kelowna Central,BC,49.8928,-119.4852,
CA,Kelowna West,BC,49.8625,-119.5833,
CA,Penticton,BC,49.4806,-119.5858,
CA,Kamloops Northwest,BC,50.8349,-120.5071,
CA,Kamloops Central and Southeast,BC,50.5437,-120.0937,
CA,Kamloops South and West,BC,50.6619,-120.3212,
CA,Williams Lake,BC,52.1415,-122.1445,
CA,Kamloops North,BC,50.7262,-120.1659,
CA,Quesnel,BC,52.9784,-122.4931,
CA,Prince George North,BC,54.0508,-122.9221,
CA,Prince George East Central,BC,53.9078,-122.7473,
CA,Prince George West Central,BC,53.9127,-122.8708,
CA,Prince George South,BC,53.6408,-122.954,
CA,Chilliwack Central,BC,49.1838,-121.9046,
CA,Chilliwack West,BC,49.076,-121.9883,
CA,Abbotsford Southeast,BC,49.0423,-122.2835,
CA,Abbotsford Southwest,BC,49.0384,-122.3485,
CA,Mission East,BC,49.6463,-122.5047,
CA,Maple Ridge East,BC,49.2068,-122.4851,
CA,Maple Ridge West,BC,49.2196,-122.6164,
CA,Langley Township Northwest,BC,49.1285,-122.6236,
CA,Langley Township Southwest,BC,49.0483,-122.5997,
CA,Langley City,BC,49.0997,-122.6526,
CA,Port Coquitlam Central,BC,49.274,-122.7649,
CA,Port Coquitlam South,BC,49.2436,-122.7865,
CA,Port Coquitlam North,BC,49.3167,-122.7384,
CA,Abbotsford East,BC,49.0754,-122.178,
CA,Port Moody,BC,49.3231,-122.8626,
CA,Coquitlam North,BC,49.265,-122.8716,
CA,Coquitlam South,BC,49.2366,-122.8521,
CA,New Westminster Northeast,BC,49.2201,-122.8998,
CA,New Westminster Southwest (Includes Annacis Island),BC,49.1886,-122.9384,
CA,Burnaby (East Big Bend / Stride Avenue / Edmonds / Cariboo-Armstrong),BC,49.2275,-122.9301,
CA,Surrey North,BC,49.1948,-122.8131,
CA,Surrey East,BC,49.0791,-122.7553,
CA,Surrey Inner Northwest,BC,49.1894,-122.8454,
CA,Surrey Outer Northwest,BC,49.1889,-122.873,
CA,Surrey Upper West,BC,49.141,-122.8569,
CA,Surrey Lower West,BC,49.1067,-122.8576,
CA,Pitt Meadows,BC,49.2212,-122.6896,
CA,Surrey Southwest,BC,49.0374,-122.8299,
CA,White Rock,BC,49.0259,-122.8058,
CA,Delta Northeast,BC,49.1551,-122.9124,
CA,Delta East,BC,49.1197,-122.9056,
CA,Delta East Central,BC,49.1448,-122.995,
CA,Delta Central,BC,49.0986,-123.0318,
CA,Delta Southeast,BC,49.0449,-123.0456,
CA,Delta Southwest,BC,49.0331,-123.0877,
CA,Surrey Northeast,BC,49.1707,-122.7326,
CA,Surrey South,BC,49.0561,-122.8302,
CA,Maple Ridge Northwest,BC,49.2903,-122.5169,
CA,Mission West,BC,49.2528,-122.3574,
CA,Westbank,BC,49.866,-119.7387,
CA,Winfield,BC,50.0221,-119.4054,
CA,Langley Township East,BC,49.0713,-122.4977,
CA,Abbotsford West,BC,49.0861,-122.4026,
CA,Chilliwack East,BC,49.0787,-121.6098,
CA,Burnaby (Government Road / Lake City / SFU / Burnaby Mountain),BC,49.264,-122.9369,
CA,Burnaby (Parkcrest-Aubrey / Ardingley-Sprott),BC,49.2769,-122.9761,
CA,Burnaby (Burnaby Heights / Willingdon Heights / West Central Valley),BC,49.274,-123.0074,
CA,Burnaby (Lakeview-Mayfield / Richmond Park / Kingsway-Beresford),BC,49.2272,-122.9574,
CA,Burnaby (Cascade-Schou / Douglas-Gilpin),BC,49.2478,-122.9938,
CA,Burnaby (Maywood / Marlborough / Oakalla / Windsor),BC,49.2302,-122.9952,
CA,Burnaby (Suncrest / Sussex-Nelson / Clinton-Glenwood / West Big Bend),BC,49.2038,-122.9921,
CA,Vancouver (North Hastings- Sunrise),BC,49.2807,-123.0397,
CA,Vancouver (North Grandview- Woodlands),BC,49.2795,-123.0667,
CA,Vancouver (South Hastings-Sunrise / North Renfrew- Collingwood),BC,49.26,-123.0398,
CA,Vancouver (South Grandview- Woodlands / NE Kensington),BC,49.2551,-123.0667,
CA,Vancouver (SE Kensington / Victoria- Fraserview),BC,49.222,-123.0683,
CA,Vancouver (South Renfrew- Collingwood),BC,49.2397,-123.0407,
CA,Vancouver (Killarney),BC,49.2175,-123.038,
CA,Vancouver (East Mount Pleasant),BC,49.262,-123.0923,
CA,Vancouver (West Kensington / NE Riley Park- Little Mountain),BC,49.248,-123.0913,
CA,Vancouver (SE Riley Park- Little Mountain / SW Kensington / NE Oakridge / North Sunset),BC,49.2327,-123.0917,
CA,Vancouver (SE Oakridge / East Marpole / South Sunset),BC,49.2156,-123.0979,
CA,Vancouver (West Mount Pleasant / West Riley Park- Little Mountain),BC,49.2492,-123.1104,
CA,Vancouver (East Fairview / South Cambie),BC,49.2475,-123.121,
CA,Vancouver (Strathcona / Chinatown / Downtown Eastside),BC,49.2779,-123.0908,
CA,Vancouver (NE Downtown / Harbour Centre / Gastown / Yaletown),BC,49.2788,-123.1139,
CA,Vancouver (Waterfront / Coal Harbour / Canada Place),BC,49.2869,-123.1177,
CA,Vancouver (South West End),BC,49.2833,-123.1298,
CA,Vancouver (North West End / Stanley Park),BC,49.299,-123.1408,
CA,Vancouver (West Fairview / Granville Island / NE Shaughnessy),BC,49.2559,-123.1322,
CA,Vancouver (NW Shaughnessy / East Kitsilano / Quilchena),BC,49.2603,-123.146,
CA,Vancouver (Central Kitsilano),BC,49.2646,-123.1648,
CA,Vancouver (NW Arbutus Ridge),BC,49.2497,-123.166,
CA,Vancouver (South Shaughnessy / NW Oakridge / NE Kerrisdale / SE Arbutus Ridge),BC,49.2344,-123.1451,
CA,Vancouver (Dunbar- Southlands / Musqueam),BC,49.2302,-123.189,
CA,Vancouver (SE Kerrisdale / SW Oakridge / West Marpole),BC,49.2151,-123.1396,
CA,Vancouver (West Kitsilano / Jericho),BC,49.2666,-123.1976,
CA,Vancouver (Chaldecutt / South University Endowment Lands),BC,49.2491,-123.2088,
CA,Vancouver (UBC),BC,49.4635,-122.822,
CA,Richmond Northeast,BC,49.1853,-123.0386,
CA,Richmond Southeast,BC,49.1534,-123.048,
CA,Richmond North,BC,49.1836,-123.1168,
CA,Richmond Central,BC,49.17,-123.1368,
CA,Vancouver (SW Downtown),BC,49.2755,-123.1252,
CA,Richmond South,BC,49.1205,-123.1171,
CA,Richmond (Sea Island / YVR),BC,49.1988,-123.1799,
CA,Richmond West,BC,49.1626,-123.1721,
CA,Richmond Southwest,BC,49.1323,-123.1705,
CA,North Vancouver Outer East,BC,49.3678,-122.9278,
CA,North Vancouver Inner East,BC,49.3551,-122.9802,
CA,North Vancouver East Central,BC,49.3622,-123.0178,
CA,North Vancouver North Central,BC,49.3597,-123.0377,
CA,North Vancouver South Central,BC,49.316,-123.0576,
CA,North Vancouver Southwest Central,BC,49.3222,-123.0834,
CA,North Vancouver Northwest Central,BC,49.35,-123.0679,
CA,North Vancouver Southwest,BC,49.322,-123.1149,
CA,North Vancouver Northwest,BC,49.3775,-123.0862,
CA,West Vancouver North,BC,49.3745,-123.1864,
CA,West Vancouver Southeast,BC,49.3322,-123.1417,
CA,West Vancouver South,BC,49.3397,-123.1912,
CA,West Vancouver West,BC,49.3615,-123.2627,
CA,Vancouver (Bentall Centre),BC,49.2935,-123.1162,
CA,Vancouver (Pacific Centre),BC,49.2819,-123.119,
CA,Powell River,BC,50.0163,-124.3226,
CA,Squamish,BC,49.7002,-123.156,
CA,Kitimat,BC,54.0524,-128.6534,
CA,Terrace,BC,54.5163,-128.6035,
CA,Prince Rupert,BC,54.3161,-130.3201,
CA,Saltspring Island,BC,48.8138,-123.4973,
CA,Sidney,BC,48.6496,-123.4026,
CA,Central Saanich,BC,48.5663,-123.4193,
CA,Saanich East,BC,48.4765,-123.3145,
CA,Saanich Southeast,BC,48.4583,-123.3325,
CA,Oak Bay North,BC,48.4496,-123.3026,
CA,Oak Bay South,BC,48.42,-123.3047,
CA,Victoria North,BC,48.4392,-123.3566,
CA,Victoria South,BC,48.4167,-123.365,
CA,Victoria Central British Columbia Provincial Government,BC,48.4267,-123.3655,
CA,Saanich South,BC,48.4777,-123.3658,
CA,Saanich North,BC,48.5247,-123.3745,
CA,Saanich Central,BC,48.4993,-123.4003,
CA,Esquimalt,BC,48.4496,-123.4193,
CA,Highlands,BC,48.4793,-123.5271,
CA,Metchosin,BC,48.3829,-123.5359,
CA,Saanich West,BC,48.5219,-123.453,
CA,Ladysmith,BC,48.9829,-123.8194,
CA,Campbell River Outskirts,BC,49.9088,-125.5862,
CA,Courtenay Northern Outskirts,BC,49.7242,-125.2604,
CA,Qualicum Beach,BC,49.3468,-124.4361,
CA,Duncan,BC,48.7829,-123.7027,
CA,Comox,BC,49.6829,-124.9361,
CA,Courtenay Central,BC,49.6585,-124.9835,
CA,Parksville,BC,49.3163,-124.3194,
CA,Nanaimo South,BC,49.1609,-123.9825,
CA,Nanaimo Central,BC,49.1886,-123.963,
CA,Nanaimo North,BC,49.2146,-124.02,
CA,Nanaimo Northwest,BC,49.2391,-124.0227,
CA,Campbell River Central,BC,50.0769,-125.5909,
CA,Cedar,BC,49.0419,-123.979,
CA,Port Alberni,BC,49.2413,-124.8028,
CA,Sooke,BC,48.3746,-123.7276,
CA,Southeastern Manitoba (Lorette),MB,49.2911,-96.2985,
CA,Northern Manitoba (Norway House),MB,56.2701,-96.9118,
CA,North Interlake (Stonewall),MB,51.4132,-97.8525,
CA,Eastern Manitoba (Beausejour),MB,50.4751,-95.961,
CA,South Central Manitoba (Altona),MB,49.4394,-98.0869,
CA,South Interlake (MacGregor),MB,50.3458,-98.5152,
CA,Riding Mountain (Neepawa),MB,50.5842,-100.1345,
CA,Brandon Region (Killarney),MB,49.555,-99.7154,
CA,Western Manitoba (Swan River),MB,52.0092,-100.2901,
CA,Southwestern Manitoba (Virden),MB,49.711,-100.9263,
CA,Selkirk,MB,50.1436,-96.8845,
CA,Lockport,MB,50.084,-96.9353,
CA,Portage la Prairie,MB,49.9728,-98.2926,
CA,Winnipeg (Transcona),MB,49.9247,-96.9563,
CA,East St. Paul,MB,49.9791,-97.0128,
CA,Winnipeg (River East North),MB,49.9413,-97.0571,
CA,Winnipeg (St. Boniface NW),MB,49.8846,-97.1186,
CA,Winnipeg (St. Boniface NE),MB,49.8665,-97.0633,
CA,Winnipeg (River East Central),MB,49.9203,-97.083,
CA,Winnipeg (River East South),MB,49.9075,-97.0996,
CA,Winnipeg (St. Vital North),MB,49.8396,-97.1147,
CA,Winnipeg (St. Vital SW),MB,49.7838,-97.0973,
CA,Winnipeg (Seven Oaks West),MB,49.9696,-97.1554,
CA,Winnipeg (Inkster West),MB,49.9377,-97.2162,
CA,Winnipeg (Seven Oaks East),MB,49.9548,-97.1112,
CA,Winnipeg (Point Douglas East),MB,49.9195,-97.1354,
CA,Winnipeg (Point Douglas West / Inkster East),MB,49.9322,-97.1733,
CA,Winnipeg (St. James-Assiniboia NW),MB,49.9073,-97.2945,
CA,Winnipeg (Centennial),MB,49.9038,-97.1489,
CA,Winnipeg (Chinatown / Civic Centre / Exchange District),MB,49.898,-97.1401,
CA,Winnipeg (Broadway / The Forks / Portage and Main) Manitoba Provincial Government,MB,50.011,-97.2184,
CA,Winnipeg (Sargent Park / Daniel McIntyre / Inkster SE),MB,49.9081,-97.1779,
CA,Winnipeg (Minto / St. Mathews / Wolseley),MB,49.8876,-97.1807,
CA,Winnipeg (St. James-Assiniboia NE / YWG),MB,49.9033,-97.2074,
CA,Winnipeg (St. James-Assiniboia SE),MB,49.8966,-97.2404,
CA,Winnipeg (St. James-Assiniboia SW),MB,49.8734,-97.307,
CA,Winnipeg (River Heights East),MB,49.867,-97.1356,
CA,Winnipeg (River Heights Central),MB,49.8625,-97.1665,
CA,Winnipeg (River Heights West),MB,49.8629,-97.1959,
CA,Winnipeg (Fort Garry NW / Tuxedo),MB,49.8425,-97.2182,
CA,Winnipeg (Assiniboine South / Betsworth),MB,49.8546,-97.2874,
CA,Winnipeg (Wilkes South),MB,49.8255,-97.2934,
CA,Winnipeg (Fort Garry NE / University of Manitoba),MB,49.8143,-97.1531,
CA,Winnipeg (Fort Garry South),MB,49.7462,-97.1745,
CA,Winnipeg (Grassie / Pequis),MB,49.9141,-97.0401,
CA,Winnipeg (St. Boniface South / St. Vital SE),MB,49.8209,-97.0322,
CA,Winnipeg (Fort Garry West),MB,49.7885,-97.2147,
CA,West St. Paul,MB,50.0211,-97.1147,
CA,Headingley East,MB,49.8761,-97.3812,
CA,Headingley West,MB,49.8467,-97.4319,
CA,Cartier,MB,49.8908,-97.6004,
CA,St. Francois Xavier,MB,49.9372,-97.5545,
CA,St. Adolphe,MB,49.712,-97.0836,
CA,Steinbach,MB,49.5258,-96.6845,
CA,Ste. Anne,MB,49.6697,-96.65,
CA,Morden,MB,49.1919,-98.1014,
CA,Winkler,MB,49.1817,-97.941,
CA,Brandon Southeast,MB,49.8174,-99.9565,
CA,Brandon Southwest,MB,49.842,-99.9831,
CA,Brandon North,MB,49.8817,-99.965,
CA,Dauphin,MB,51.1494,-100.0502,
CA,Flin Flon,MB,54.7682,-101.865,
CA,Thompson,MB,55.7435,-97.8558,
CA,The Pas,MB,53.704,-101.2933,
CA,Dieppe Moncton East,NB,46.0967,-64.7087,
CA,Riverview,NB,46.0545,-64.816,
CA,Moncton Central,NB,46.0987,-64.8036,
CA,Moncton West,NB,46.0771,-64.8529,
CA,Moncton Northwest,NB,46.1797,-64.9484,
CA,Lakeville,New Brunswick,,46.1732,1
CA,Coverdale,NB,45.9976,-64.8483,
CA,Miramichi South,NB,46.9501,-65.3239,
CA,Miramichi North,NB,47.1942,-65.9381,
CA,Caraquet,NB,47.7941,-64.9386,
CA,Tracadie-Sheila,NB,47.5144,-64.9181,
CA,Bathurst,NB,47.6181,-65.6511,
CA,Rothesay,New Brunswick,,45.4137,1
CA,Quispamsis,NB,45.4534,-65.931,
CA,Saint John Northeast,New Brunswick,,45.35,1
CA,Saint John East,NB,45.2563,-65.9432,
CA,Saint John North,NB,45.3053,-66.0808,
CA,Saint John Central,NB,45.2717,-66.0584,
CA,Saint John West,NB,45.2347,-66.1749,
CA,Saint John Lakewood,NB,45.3176,-65.9271,
CA,Saint John Red Head,NB,45.2426,-65.9847,
CA,Saint John Grandview,NB,46.0368,-66.0373,
CA,Saint John Loch Lomond,NB,45.3371,-65.8133,
CA,Oromocto,NB,45.8351,-66.4792,
CA,Fredericton North,NB,46.0401,-66.3862,
CA,Fredericton South New Brunswick Provincial Government,NB,45.8119,-66.6763,
CA,Fredericton Southwest,New Brunswick,,45.902,1
CA,Kingsclear,NB,45.8834,-66.9156,
CA,Fredericton,NB,46.0546,-66.7344,
CA,St. Stephen,NB,45.1804,-67.2953,
CA,Campbellton,NB,48.0075,-66.6727,
CA,Edmundston,NB,47.3737,-68.3251,
CA,Grand Falls Northeast,NB,47.1683,-67.6207,
CA,Grand Falls Central,NB,46.9266,-67.7466,
CA,Bathurst,NB,46.1599,-65.8102,
CA,Minto,NB,46.0848,-66.0622,
CA,Youngs Cove,NB,45.8693,-65.9006,
CA,Sussex,NB,45.7227,-65.5066,
CA,Smiths Creek,NB,45.8552,-65.4795,
CA,Hillsborough,NB,45.9199,-64.6552,
CA,Salisbury,NB,46.0391,-65.0463,
CA,Dorchester,NB,45.9016,-64.508,
CA,Sackville,NB,45.9188,-64.3845,
CA,Bayfield,NB,46.0919,-64.0173,
CA,Cap-Pelé,NB,46.2129,-64.2784,
CA,Shediac,NB,46.2198,-64.5411,
CA,Cocagne,NB,46.3324,-64.6187,
CA,Bouctouche,NB,46.4684,-64.739,
CA,Bass River,NB,46.3042,-64.972,
CA,Saint-Antoine,NB,46.3629,-64.7499,
CA,Richibucto,NB,46.6807,-64.8804,
CA,St-Louis-de-Kent,NB,46.7401,-64.9698,
CA,Rogersville,NB,46.7345,-65.427,
CA,Petitcodiac,NB,45.9394,-65.1802,
CA,Moores Mills,NB,45.3705,-67.1737,
CA,St. Andrews,NB,45.0845,-67.0617,
CA,St. George,NB,45.1265,-66.8314,
CA,Campobello Island,NB,44.8908,-66.9318,
CA,Grand Manan Island,NB,44.6976,-66.8065,
CA,Pennfield,NB,45.1168,-66.6822,
CA,Lepreau,NB,45.1979,-66.4308,
CA,Grand Bay-Westfield,NB,45.3407,-66.2528,
CA,Fredericton Junction,NB,45.6604,-66.6139,
CA,Gagetown,NB,45.7701,-66.1617,
CA,Hampton,NB,45.5288,-65.8535,
CA,Apohaqui,NB,45.7599,-65.6704,
CA,St. Martins,NB,45.351,-65.5457,
CA,Kingston,NB,45.4098,-66.0932,
CA,Norton,NB,45.6508,-65.7302,
CA,Deer Island,NB,44.9862,-66.9694,
CA,Boiestown,NB,46.4558,-66.4198,
CA,Stanley,NB,46.3381,-66.9058,
CA,Durham Bridge,NB,46.1168,-66.5989,
CA,Millville,NB,46.1307,-67.1962,
CA,Nackawic,NB,45.9967,-67.2403,
CA,Canterbury,NB,45.8954,-67.4678,
CA,McAdam,NB,45.5923,-67.307,
CA,Harvey,NB,45.729,-67.0064,
CA,Burtts Corner,NB,45.9881,-67.0338,
CA,Baker Brook,NB,47.3,-68.7487,
CA,Saint-Jacques,NB,47.5655,-68.3127,
CA,Saint-Basile,NB,47.6583,-68.0684,
CA,Saint-Leonard,NB,47.173,-67.9247,
CA,Plaster Rock,NB,46.9065,-67.39,
CA,Perth-Andover,NB,46.7355,-67.7039,
CA,Bath,NB,46.5807,-67.5911,
CA,Centreville,NB,46.3982,-67.7174,
CA,Florenceville,NB,46.5528,-67.305,
CA,Woodstock,NB,46.158,-67.5838,
CA,Debec,NB,46.0555,-67.5839,
CA,Hartland,NB,46.2999,-67.5167,
CA,Saint-Quentin,NB,47.5133,-67.3929,
CA,Kedgwick,NB,47.6446,-67.3434,
CA,Dalhousie,NB,48.055,-66.3847,
CA,Balmoral,NB,47.679,-66.4342,
CA,Belledune,NB,47.8023,-66.1243,
CA,Petit-Rocher,NB,47.7941,-65.8219,
CA,Beresford,NB,47.6913,-65.6989,
CA,Allardville,NB,47.475,-65.495,
CA,Saint-Isidore,NB,47.5765,-65.1379,
CA,Grande-Anse,NB,47.8078,-65.1945,
CA,Inkerman,NB,47.6672,-64.8248,
CA,Paquetville,NB,47.6383,-65.1709,
CA,Shippagan,NB,47.7396,-64.6904,
CA,Lamèque,NB,47.7936,-64.6475,
CA,Baie-Sainte-Anne,NB,47.0188,-64.92,
CA,Blackville,NB,46.7398,-65.8319,
CA,Doaktown,NB,46.557,-66.1257,
CA,Red Bank,NB,46.8486,-65.6772,
CA,Neguac,NB,47.2489,-65.0741,
CA,Brantville,NB,47.3528,-65.0538,
CA,Southeastern Avalon Peninsula (Ferryland),NL,47.2195,-53.1448,
CA,Western Avalon Peninsula (Argentia),NL,47.327,-53.6609,
CA,Bonavista Peninsula (Bonavista),NL,48.3843,-53.9081,
CA,Burin Peninsula (Marystown),NL,47.5607,-54.7801,
CA,Northeast Newfoundland (Lewisporte),NL,48.8657,-54.7296,
CA,Central Newfoundland (Bishops Falls),NL,48.4311,-56.1758,
CA,Northern Newfoundland (Springdale),NL,49.4875,-56.0808,
CA,Northwest Newfoundland/Eastern Labrador (Mary's Harbour),NL,52.0563,-57.2175,
CA,Western Newfoundland (Lark Harbour),NL,48.9445,-58.0645,
CA,Southwestern Newfoundland (Channel-Port aux Basques),NL,47.8037,-58.3869,
CA,Port au Port Peninsula region (St. George's),NL,48.0868,-57.8231,
CA,Central Labrador (Happy Valley-Goose Bay),NL,54.9549,-61.6024,
CA,North/Western Labrador (Churchill Falls),NL,53.54,-65.112,
CA,St. John's North,NL,47.5941,-52.7371,
CA,St. John's Northwest Newfoundland & Labrador Provincial Government,NL,47.5698,-52.7796,
CA,St. John's North Central,NL,47.5124,-52.6729,
CA,St. John's Central,NL,47.5334,-52.7595,
CA,St. John's South,NL,47.506,-52.7603,
CA,St. John's Southwest,NL,47.483,-52.8415,
CA,Torbay,NL,47.6666,-52.7313,
CA,Paradise,NL,47.5291,-52.8814,
CA,Portugal Cove-St. Philips,NL,47.6207,-52.8318,
CA,Mount Pearl,NL,47.5194,-52.8122,
CA,Goulds,NL,47.4212,-52.8077,
CA,Gander,NL,48.9682,-54.5906,
CA,Manuels,NL,47.5096,-52.9447,
CA,Conception Bay,NL,47.4999,-52.9981,
CA,Carbonear,NL,47.7113,-53.2953,
CA,Grand Falls,NL,48.9332,-55.6649,
CA,Windsor,NL,48.9499,-55.6649,
CA,Corner Brook,NL,48.9156,-57.797,
CA,Stephenville,NL,48.55,-58.5818,
CA,Labrador City,NL,52.9517,-66.9328,
CA,Clarenville,NL,48.1666,-53.9648,
CA,Deer Lake,NL,49.1667,-57.4316,
CA,North Victoria County (Dingwall),NS,46.6482,-60.5396,
CA,West Cape Breton Island (Baddeck),NS,46.1133,-61.0251,
CA,Canso region (Havre Boucher),NS,45.3335,-61.8333,
CA,Mainland east shore (Lunenburg),NS,44.7817,-63.3498,
CA,Southern Northumberland Strait (Pictou),NS,45.6138,-62.9506,
CA,Isthmus of Chignecto (River Hébert),NS,45.6908,-64.3641,
CA,Cobequid Bay north shore (Springhill),NS,45.5354,-64.0393,
CA,Hants County (Shubenacadie),NS,45.0963,-63.4701,
CA,Kings County (Kingston),NS,45.0328,-64.6566,
CA,West Lunenburg County (New Germany),NS,44.6003,-64.7443,
CA,West Annapolis County (Middleton),NS,44.6861,-65.3002,
CA,Queens County (Shelburne),NS,44.0802,-65.1175,
CA,Digby Neck (Digby),NS,44.5297,-65.95,
CA,Southwest Mainland (Weymouth),NS,44.0486,-65.7547,
CA,Glace Bay,NS,46.197,-59.957,
CA,Port Morien,NS,46.1174,-59.9144,
CA,Louisbourg,NS,45.9485,-59.9737,
CA,Reserve Mines,NS,46.1845,-60.0166,
CA,Dominion,NS,46.2168,-60.0151,
CA,New Waterford,NS,46.2501,-60.0817,
CA,East Bay,NS,45.9834,-60.3652,
CA,Marion Bridge,NS,45.9668,-60.2318,
CA,Sydney Southwest,NS,46.0627,-60.2045,
CA,Sydney East,NS,46.127,-60.0696,
CA,Sydney North,NS,46.1975,-60.1559,
CA,Sydney North Central,NS,46.1093,-60.2285,
CA,Sydney West,NS,46.1249,-60.2595,
CA,Sydney Central,NS,46.1109,-60.2092,
CA,Christmas Island,NS,45.9668,-60.7152,
CA,North Sydney North,NS,46.2437,-60.2313,
CA,Eskasoni,NS,45.9328,-60.6438,
CA,Big Bras d'Or,NS,46.224,-60.4991,
CA,Alder Point,NS,46.2343,-60.3577,
CA,North Sydney South Central,NS,46.1169,-60.3769,
CA,Iona,NS,45.9948,-60.8421,
CA,Loch Lomond,NS,45.7501,-60.6152,
CA,Antigonish,NS,45.6168,-61.9986,
CA,New Glasgow,NS,45.5834,-62.6486,
CA,Fourchu,NS,45.707,-60.4665,
CA,Truro,NS,45.3668,-63.2654,
CA,Waverley,NS,44.7599,-63.5525,
CA,Lantz,NS,45.0209,-63.5344,
CA,Enfield,NS,44.8749,-63.4689,
CA,Dartmouth Morris Lake,NS,44.6529,-63.4777,
CA,Dartmouth East Central,NS,44.6752,-63.5077,
CA,Dartmouth North Central,NS,44.702,-63.533,
CA,Dartmouth South Central,NS,44.0749,-60.6062,
CA,Dartmouth East,NS,44.7227,-63.4223,
CA,Dartmouth Southwest,NS,44.6819,-63.5768,
CA,Dartmouth Northwest,NS,44.7091,-63.5869,
CA,Porters Lake,NS,44.7722,-63.3361,
CA,Eastern Passage,NS,44.6169,-63.482,
CA,Halifax Lower Harbour,NS,44.6344,-63.5822,
CA,Halifax Mid-Harbour Nova Scotia Provincial Government,NS,44.6451,-63.5762,
CA,Halifax Upper Harbour,NS,44.662,-63.6017,
CA,Halifax Central,NS,44.6508,-63.6146,
CA,Halifax Bedford Basin,NS,44.6784,-63.6582,
CA,Halifax South Central,NS,44.631,-63.6405,
CA,Halifax North West Arm,NS,44.6139,-63.5946,
CA,Halifax South,NS,44.5939,-63.6031,
CA,Halifax West,NS,44.6533,-63.6675,
CA,Lakeside,NS,44.5683,-63.7306,
CA,Harrietsfield,NS,44.5199,-63.6064,
CA,Tantallon,NS,44.6386,-63.8687,
CA,Bedford Southeast,NS,44.7232,-63.656,
CA,Bedford Northwest,NS,44.7509,-63.7711,
CA,Lower Sackville South,NS,44.7607,-63.637,
CA,Lower Sackville West,NS,44.8163,-63.7387,
CA,Lower Sackville North,NS,44.8814,-63.6798,
CA,Amherst,NS,45.8335,-64.1987,
CA,Kentville,NS,45.0834,-64.4988,
CA,Wolfville,NS,45.0834,-64.3655,
CA,Coldbrook,NS,45.0668,-64.5821,
CA,Bridgewater,NS,44.3835,-64.5155,
CA,Yarmouth,NS,43.8335,-66.1156,
CA,Truro,NS,45.4093,-63.2114,
CA,Port Hawkesbury,NS,45.6168,-61.3485,
CA,Central Northwest Territories (Inuvik),NT,66.8714,-120.225,
CA,Southwestern Northwest Territories (Fort Liard),NT,60.2563,-123.3826,
CA,Yellowknife,NT,62.456,-114.3525,
CA,Outer Nunavut (Iqaluit),NU,74.0569,-80.8135,
CA,Central Nunavut (Cambridge Bay),NU,68.6959,-104.9228,
CA,Inner Nunavut (Rankin Inlet),NU,64.1647,-94.7724,
CA,National Capital Region (Almonte),ON,45.2813,-75.808,
CA,Prescott and Russell United Counties (Alfred),ON,45.5029,-74.7479,
CA,Stormont,Ontario,,45.1686,
CA,South Leeds and Grenville United Counties (Prescott),ON,44.7118,-75.7498,
CA,Rideau Lakes area (Kemptville),ON,44.8934,-76.1836,
CA,Frontenac County, Loyalist Shores and Southwest Leeds (Inverary),,,-76.8334
CA,Renfrew County and Lanark Highlands Township (Deep River),ON,45.6606,-77.5886,
CA,Quinte Shores,Ontario,,44.3261,
CA,Peterborough County and North Hastings County (Lakefield),ON,44.7767,-77.9687,
CA,Kawartha lakes and Haliburton County (Bobcaygeon),ON,44.8645,-78.6553,
CA,Government of Canada Ottawa and Gatineau offices,ON,45.4207,-75.7023,
CA,Gloucester (Blackburn Hamlet / Pine View),ON,45.4284,-75.5875,
CA,Gloucester (West Orleans),ON,45.4451,-75.5483,
CA,Orleans (Queenswood),ON,45.4771,-75.5046,
CA,Ottawa (Riverview / Hawthorne),ON,45.3548,-75.5773,
CA,Ottawa (Alta Vista),ON,45.3876,-75.6593,
CA,Gloucester (Beacon Hill / Cyrville),ON,45.4519,-75.6036,
CA,Ottawa (Overbrook),ON,45.4448,-75.6431,
CA,Ottawa (Vanier),ON,45.44,-75.663,
CA,Ottawa (Rockcliffe Park / New Edinburgh),ON,45.4491,-75.6818,
CA,Ottawa (Lower Town / Sandy Hill / University of Ottawa),ON,45.4289,-75.6844,
CA,Ottawa (Parliament Hill),ON,45.4225,-75.7026,
CA,Ottawa (West Downtown area),ON,45.4123,-75.7108,
CA,Ottawa (The Glebe / Ottawa South / Ottawa East),ON,45.399,-75.6871,
CA,Gloucester (Blossom Park / Hunt Club East / Leitrim),ON,45.3295,-75.6156,
CA,Ottawa (Riverside Park / Hunt Club West / Riverside South / YOW),ON,45.3281,-75.6719,
CA,Gloucester (South Orleans),ON,45.4365,-75.5158,
CA,Gloucester South,ON,45.2756,-75.6283,
CA,Ottawa West,ON,45.4023,-75.7329,
CA,Ottawa (Westboro),ON,45.3867,-75.7405,
CA,Ottawa (Highland Park / Carlingwood),ON,45.3805,-75.7636,
CA,Ottawa (Britannia / Pinecrest),ON,45.3645,-75.7934,
CA,Ottawa (Queensway / Copeland / Carlington / Carleton Heights),ON,45.343,-75.7253,
CA,Nepean East,ON,45.3438,-75.7157,
CA,Nepean (Davidson Heights),ON,45.3211,-75.7391,
CA,Nepean (Bells Corners),ON,45.3433,-75.8265,
CA,Nepean (Barrhaven),ON,45.2691,-75.7518,
CA,Kanata (Beaverbrook / South March),ON,45.3704,-75.9198,
CA,Kanata (Katimavik-Hazeldean / Glen Cairn),ON,45.3001,-75.9244,
CA,Kanata (Bridlewood),ON,45.2861,-75.8562,
CA,Ottawa (Centre Town),ON,45.4166,-75.6904,
CA,Nepean (Fallowfield Village / Cedarhill Estates / Orchard Estates),ON,45.2899,-75.8126,
CA,Stittsville,ON,45.2501,-75.9161,
CA,Kanata (Marchwood),ON,45.317,-75.9367,
CA,Kanata (Terry Fox / Palladium),ON,45.2854,-75.8928,
CA,Kanata (North March),ON,45.3699,-75.9887,
CA,Orleans (Fallingbrook),ON,45.4697,-75.4715,
CA,Cumberland Township,ON,45.4101,-75.3638,
CA,Cumberland,ON,45.498,-75.3916,
CA,Rockland,ON,45.5501,-75.291,
CA,Manotick,ON,45.2154,-75.6528,
CA,Greely,ON,45.2434,-75.5674,
CA,Russell,ON,45.2388,-75.3527,
CA,Hawkesbury,ON,45.6001,-74.616,
CA,Cornwall East,ON,45.0565,-74.6852,
CA,Cornwall West,ON,45.0223,-74.7569,
CA,Cornwall North,ON,45.061,-74.7774,
CA,Elizabethtown,ON,44.6301,-75.7448,
CA,Brockville,ON,44.6573,-75.7146,
CA,Smiths Falls,ON,44.9001,-76.0161,
CA,Carleton Place,ON,45.1334,-76.1494,
CA,Gananoque,ON,44.3334,-76.1661,
CA,Perth,ON,44.9001,-76.2494,
CA,Kingston (SW Pittsburgh Township),ON,44.2569,-76.4717,
CA,Kingston (Downtown),ON,44.2955,-76.428,
CA,Kingston (Reddendale / Cataraqui / Collins Bay),ON,44.2411,-76.5788,
CA,Amherstview,ON,44.2224,-76.65,
CA,Kingston (Westbrook / Cataraqui Woods / Cedarwood),ON,44.2814,-76.6111,
CA,Napanee,ON,44.2501,-76.9494,
CA,Arnprior,ON,45.4334,-76.3494,
CA,Renfrew,ON,45.4668,-76.6827,
CA,Pembroke Central and northern subdivisions,ON,45.7466,-77.2047,
CA,Pembroke (Pleasant View / Fairview),ON,45.808,-77.0806,
CA,Petawawa,ON,45.8945,-77.2801,
CA,Belleville East,ON,44.1735,-77.3684,
CA,Belleville West,ON,44.1665,-77.4037,
CA,Belleville (SE Sidney Township / Avondale),ON,44.1399,-77.4683,
CA,Trenton,ON,44.0992,-77.5776,
CA,Cobourg,ON,43.9598,-78.1651,
CA,Peterborough North,ON,44.3245,-78.3184,
CA,Peterborough South,ON,44.3483,-78.3383,
CA,Peterborough (Fairbairn Meadows / Jackson Heights),ON,44.2938,-78.366,
CA,Peterborough (Terra View Heights / Woodland Acres / Donwood),ON,44.3365,-78.3092,
CA,Lindsay,ON,44.3501,-78.7329,
CA,West Northumberland County (Millbrook),ON,44.1263,-78.5193,
CA,East Durham Regional Municipality (Orono),ON,44.0773,-78.7465,
CA,West Durham Regional Municipality (Sunderland),ON,44.2094,-79.0725,
CA,Lake Simcoe Southeast Shore (Sutton West),ON,44.3199,-79.2778,
CA,Ontario Centre (Queensville),ON,44.0586,-79.6235,
CA,Whitby Region (Gormley),ON,43.9288,-79.2233,
CA,North Peel Regional Municipality (Kleinburg),ON,43.8566,-79.6485,
CA,Lake Simcoe North Shore (Coldwater),ON,44.6962,-79.4173,
CA,Lake Simcoe West Shore (Oro),ON,44.4548,-79.7352,
CA,Georgian Bay South Shore (Angus),ON,44.3269,-80.0333,
CA,Dufferin County (Shelburne),ON,44.0317,-80.2068,
CA,Halton Regional Municipality (Campbellville),ON,43.5334,-79.9663,
CA,East Haldimand County (Waterdown),ON,43.1607,-79.7463,
CA,Niagara Regional Municipality (Fonthill),ON,43.0248,-79.2195,
CA,Westminster Abbey,ON,45.4689,-75.0079,
CA,Port Hope,ON,44.0168,-78.3995,
CA,Bowmanville East,ON,43.9235,-78.5457,
CA,Bowmanville West,ON,43.9714,-78.7095,
CA,Courtice,ON,43.8969,-78.7683,
CA,Oshawa Central,ON,43.9233,-78.8684,
CA,Oshawa Southeast,ON,43.9721,-78.8837,
CA,Oshawa Southwest,ON,43.8852,-78.8771,
CA,Oshawa East,ON,43.9251,-78.8287,
CA,Oshawa North,ON,43.9581,-78.8972,
CA,Whitby North,ON,43.9566,-78.9779,
CA,Whitby Southeast,ON,43.8721,-78.9273,
CA,Whitby Southwest,ON,43.8866,-78.975,
CA,Whitby Central,ON,43.9215,-78.9412,
CA,Ajax Southwest,ON,43.8404,-79.0251,
CA,Ajax Northwest,ON,43.8843,-79.0534,
CA,Pickering Southwest,ON,43.8494,-79.12,
CA,Pickering South,ON,43.8197,-79.0803,
CA,Pickering Central,ON,43.8722,-79.0984,
CA,Pickering North,ON,43.9555,-79.1194,
CA,Ajax East,ON,43.8773,-79.0055,
CA,Fort Erie,ON,42.9001,-78.9329,
CA,Niagara Falls Central,ON,43.0537,-79.1018,
CA,Niagara Falls Southeast,ON,43.0696,-79.0818,
CA,Niagara Falls West,ON,43.1009,-79.1379,
CA,Niagara Falls North,ON,43.1296,-79.1034,
CA,St. Catharines Northeast,ON,43.196,-79.2161,
CA,St. Catharines Northwest,ON,43.1923,-79.2559,
CA,St. Catharines East,ON,43.1527,-79.2091,
CA,St. Catharines Central,ON,43.1419,-79.2966,
CA,St. Catharines Southwest,ON,43.1447,-79.2634,
CA,St. Catharines South,ON,43.1313,-79.2317,
CA,St. Catharines Southeast,ON,43.1142,-79.2035,
CA,St. Catharines West,ON,43.1688,-79.2794,
CA,Welland East,ON,42.9878,-79.2219,
CA,Welland West,ON,42.9998,-79.2656,
CA,Port Colborne,ON,42.9001,-79.2329,
CA,Grimsby,ON,43.2001,-79.5663,
CA,Markham Central,ON,43.9069,-79.2695,
CA,Markham Outer Southwest,ON,43.8479,-79.3288,
CA,Markham Southeast,ON,43.8486,-79.2617,
CA,Thornhill East,ON,43.8227,-79.3946,
CA,Orillia,ON,44.6087,-79.4207,
CA,Newmarket Southwest,ON,44.0396,-79.4715,
CA,Newmarket Northeast,ON,44.0565,-79.4555,
CA,Bradford,ON,44.1168,-79.5663,
CA,Stouffville,ON,43.9668,-79.2496,
CA,Richmond Hill Southeast,ON,43.8582,-79.3985,
CA,Richmond Hill Southwest,ON,43.8669,-79.4414,
CA,Richmond Hill North,ON,43.9394,-79.4349,
CA,Aurora,ON,44.0001,-79.4663,
CA,Woodbridge North,ON,43.8478,-79.589,
CA,Thornhill West,ON,43.8156,-79.4534,
CA,Concord,ON,43.8001,-79.4829,
CA,Woodbridge South,ON,43.8064,-79.5995,
CA,Barrie North,ON,44.4001,-79.6663,
CA,Barrie South,ON,44.3572,-79.6929,
CA,Keswick,ON,44.2501,-79.4663,
CA,Midland,ON,44.7501,-79.883,
CA,Richmond Hill Central,ON,43.8985,-79.4143,
CA,Mississauga (Malton),ON,43.7139,-79.6434,
CA,Mississauga (Wildwood),ON,43.6935,-79.6069,
CA,Mississauga (Matheson / East Rathwood),ON,43.6413,-79.6296,
CA,Mississauga (East Applewood / East Dixie / NE Lakeview),ON,43.6178,-79.5786,
CA,Mississauga (West Applewood / West Dixie / NW Lakeview),ON,43.6028,-79.5929,
CA,Mississauga (West Rathwood / East Hurontario / SE Gateway),ON,43.6192,-79.6538,
CA,Mississauga (Mississauga Valleys / East Cooksville),ON,43.5883,-79.6091,
CA,Mississauga (West Cooksville / Fairview / City Centre / East Creditview),ON,43.5771,-79.6306,
CA,Mississauga (West Creditview / Mavis / Erindale),ON,43.5624,-79.6504,
CA,Mississauga (Central Lakeview),ON,43.5836,-79.561,
CA,Mississauga (SW Lakeview / Mineola / East Port Credit),ON,43.5647,-79.5852,
CA,Mississauga (West Port Credit / Lorne Park / East Sheridan),ON,43.5419,-79.6164,
CA,Mississauga (Clarkson / Southdown),ON,43.5102,-79.6296,
CA,Mississauga (West Sheridan),ON,43.5272,-79.6617,
CA,Mississauga (Erin Mills / Western Business Park),ON,43.5373,-79.6903,
CA,Mississauga (Churchill Meadows / Central Erin Mills / South Streetsville),ON,43.5637,-79.7202,
CA,Mississauga (Lisgar / Meadowvale),ON,43.5924,-79.7611,
CA,Mississauga (YYZ),ON,43.6904,-79.6238,
CA,Mississauga (West Hurontario / SW Gateway),ON,43.606,-79.6708,
CA,Mississauga (Cardiff / NE Gateway),ON,43.6801,-79.6783,
CA,Mississauga (Courtney Park / East Gateway),ON,43.6705,-79.6478,
CA,Mississauga (East Credit),ON,43.5972,-79.6931,
CA,Mississauga (Meadowvale Village / West Gateway),ON,43.6313,-79.7148,
CA,Maple,ON,43.8501,-79.5163,
CA,Markham East,ON,43.9007,-79.2175,
CA,Markham Northwest,ON,43.9045,-79.3392,
CA,Markham Northeast,ON,43.9002,-79.2676,
CA,Markham Inner Southwest,ON,43.8485,-79.3346,
CA,Oakville North,ON,43.4881,-79.7098,
CA,Oakville Northeast,ON,43.4757,-79.6591,
CA,Oakville East,ON,43.4396,-79.6878,
CA,Oakville South,ON,43.4032,-79.7186,
CA,Oakville West,ON,43.4464,-79.7593,
CA,Brampton North,ON,43.7942,-79.7021,
CA,Brampton Northwest,ON,43.7592,-79.7605,
CA,Brampton North Central,ON,43.7379,-79.726,
CA,Brampton East,ON,43.7196,-79.6854,
CA,Brampton Central,ON,43.7059,-79.7626,
CA,Brampton Southeast,ON,43.68,-79.7273,
CA,Brampton Southwest,ON,43.6665,-79.8054,
CA,Brampton South,ON,43.6431,-79.7709,
CA,Brampton West Central,ON,43.7328,-79.7953,
CA,Brampton West,ON,43.6909,-79.8377,
CA,King City,ON,43.9286,-79.5269,
CA,Caledon,ON,43.8753,-79.8558,
CA,Bolton,ON,43.8795,-79.7379,
CA,Georgetown,ON,43.6501,-79.9163,
CA,Acton,ON,43.6297,-80.0415,
CA,Caledon Village,ON,43.8602,-79.996,
CA,Burlington Northeast,ON,43.3799,-79.7668,
CA,Burlington North,ON,43.4191,-79.8544,
CA,Burlington East,ON,43.3512,-79.784,
CA,Burlington West,ON,43.3806,-79.886,
CA,Burlington Southeast,ON,43.375,-79.8434,
CA,Burlington South,ON,43.323,-79.8092,
CA,Burlington Southwest,ON,43.3081,-79.8507,
CA,Hamilton (Confederation Park / Nashdale / East Kentley / Riverdale / Lakely / Grayside / North Stoney Creek),ON,43.2245,-79.6988,
CA,Hamilton (Greenford / North Gershome / West Stoney Creek),ON,43.2164,-79.7423,
CA,Hamilton (West Kentley / McQuesten / Parkview / Hamilton Beach / East Industrial Sector / Normanhurst / Homeside / East Crown Point),ON,43.2596,-79.7925,
CA,Hamilton (East Albion Falls / South Stoney Creek),ON,43.1836,-79.721,
CA,Hamilton (East Delta / Bartonville / Glenview / Rosedale / Lower King's Forest / Red Hill / Corman / Vincent / South Gershome),ON,43.2211,-79.7994,
CA,Hamilton (West Industrial Sector / West Crown Point / North Stipley / North Gibson / Landsdale / Keith / North End / Beasley),ON,43.2783,-79.8344,
CA,Hamilton (West Delta / Blakeley / South Stipley / South Gibson / St. Clair),ON,43.2441,-79.8359,
CA,Hamilton (Stinson / Corktown),ON,43.389,-79.983,
CA,Hamilton (Durand / Kirkendall / Chedoke Park),ON,43.2514,-79.8925,
CA,Hamilton (Central / Strathcona / South Dundurn),ON,43.2726,-79.8792,
CA,Hamilton (Westdale / Cootes Paradise / Ainslie Wood),ON,43.2606,-79.9161,
CA,Hamilton (Sherwood / Huntington / Upper King's Forest / Lisgar / Berrisfield / Hampton Heights / Sunninghill),ON,43.2199,-79.8286,
CA,Hamilton (Raleigh / Macassa / Lawfield / Thorner / Burkholme / Eastmount),ON,43.2266,-79.8499,
CA,Hamilton (West Albion Falls / Hannon / Rymal / Trenholme / Quinndale / Templemead / Broughton / Eleanor / Randall / Rushdale / Butler / East Chappel),ON,43.1958,-79.8458,
CA,Hamilton (Crerar / Bruleville / Hill Park / Inch Park / Centremount / Balfour / Greeningdon / Jerome),ON,43.2271,-79.871,
CA,Hamilton (Barnstown / West Chappel / Allison / Ryckmans / Mewburn / Sheldon / Falkirk / Carpenter / Kennedy / Southwest Outskirts),ON,43.2055,-79.9004,
CA,Hamilton (Southam / Bonnington / Yeoville / Kernighan / Gourley / Rolston / Buchanan / Mohawk / Westcliffe / Gilbert / Gilkson / Gurnett / Fessenden / Mountview),ON,43.2313,-79.9049,
CA,Ancaster West,ON,43.1836,-79.9902,
CA,Dundas,ON,43.2638,-79.9524,
CA,Barrie,ON,44.3366,-79.6357,
CA,Ancaster East,ON,43.225,-79.9427,
CA,Port Perry,ON,44.1068,-78.9444,
CA,Penetanguishene,ON,44.7834,-79.9164,
CA,Holland Landing,ON,44.1149,-79.5014,
CA,Uxbridge,ON,44.1001,-79.1163,
CA,Alliston,ON,44.1501,-79.8663,
CA,Innisfil,ON,44.3001,-79.6496,
CA,Milton,ON,43.5148,-79.884,
CA,Orangeville North,ON,43.9597,-80.1079,
CA,Orangeville South,ON,43.9729,-80.1044,
CA,Collingwood,ON,44.4834,-80.2164,
CA,Wasaga Beach,ON,44.5168,-80.0164,
CA,Scarborough (Malvern / Rouge River),ON,43.8113,-79.193,
CA,Scarborough (Rouge Hill / Port Union / Highland Creek),ON,43.7878,-79.1564,
CA,Scarborough (Guildwood / Morningside / Ellesmere),ON,43.7678,-79.1866,
CA,Scarborough (Woburn),ON,43.7712,-79.2144,
CA,Scarborough (Cedarbrae),ON,43.7686,-79.2389,
CA,Scarborough (Eglinton),ON,43.7464,-79.2323,
CA,Scarborough (Kennedy Park / Ionview / East Birchmount Park),ON,43.7298,-79.2639,
CA,Scarborough (The Golden Mile / Clairlea / Oakridge / Birchmount Park East),ON,43.7122,-79.2843,
CA,Scarborough (Cliffside / Cliffcrest / Scarborough Village West),ON,43.7247,-79.2312,
CA,Scarborough (Birch Cliff / Cliffside West),ON,43.6952,-79.2646,
CA,Scarborough (Dorset Park / Wexford Heights / Scarborough Town Centre),ON,43.7612,-79.2707,
CA,Scarborough (Wexford / Maryvale),ON,43.7507,-79.3003,
CA,Scarborough (Agincourt),ON,43.7946,-79.2644,
CA,Scarborough (Clarks Corners / Tam O'Shanter / Sullivan),ON,43.7812,-79.3036,
CA,Scarborough (Milliken / Agincourt North / Steeles East / L'Amoreaux East),ON,43.8177,-79.2819,
CA,Scarborough (Steeles West / L'Amoreaux West),ON,43.8016,-79.3216,
CA,Scarborough (Upper Rouge),ON,43.834,-79.2069,
CA,North York (Hillcrest Village),ON,43.8015,-79.3577,
CA,North York (Fairview / Henry Farm / Oriole),ON,43.7801,-79.3479,
CA,North York (Bayview Village),ON,43.7797,-79.3813,
CA,North York (York Mills / Silver Hills),ON,43.7547,-79.3764,
CA,Willowdale East (Newtonbrook),ON,43.7915,-79.4103,
CA,Willowdale South,ON,43.7673,-79.4111,
CA,North York (York Mills West),ON,43.75,-79.3978,
CA,Willowdale West,ON,43.7786,-79.445,
CA,North York (York Heights / Victoria Village / Parkway East),ON,43.7545,-79.33,
CA,Don Mills North,ON,43.745,-79.359,
CA,Don Mills South (Flemingdon Park),ON,43.7334,-79.3329,
CA,North York (Armour Heights / Wilson Heights / Downsview North),ON,43.7535,-79.4472,
CA,North York (Northwood Park / York University),ON,43.7694,-79.4921,
CA,Downsview East (CFB Toronto),ON,43.739,-79.4692,
CA,Downsview West,ON,43.7334,-79.5116,
CA,Downsview Central,ON,43.7319,-79.4928,
CA,North York (Jane and Finch),ON,43.7568,-79.521,
CA,North York (Sweeney Park / Wigmore Park),ON,43.7276,-79.3148,
CA,East York (Parkview Hill / Woodbine Gardens),ON,43.7063,-79.3094,
CA,East York (Woodbine Heights),ON,43.6913,-79.3116,
CA,East Toronto (The Beaches),ON,43.6784,-79.2941,
CA,East York (Leaside),ON,43.7124,-79.3644,
CA,East York (Thorncliffe Park),ON,43.7059,-79.3464,
CA,East Toronto (The Danforth East),ON,43.6872,-79.3368,
CA,East Toronto (The Danforth West / Riverdale),ON,43.6803,-79.3538,
CA,East Toronto (India Bazaar / The Beaches West),ON,43.6693,-79.3155,
CA,East Toronto (Studio District),ON,43.6561,-79.3406,
CA,Central Toronto (Lawrence Park East),ON,43.7301,-79.3935,
CA,Central Toronto (Davisville North),ON,43.7135,-79.3887,
CA,Central Toronto (North Toronto West),ON,43.7143,-79.4065,
CA,Central Toronto (Davisville),ON,43.702,-79.3853,
CA,Central Toronto (Moore Park / Summerhill East),ON,43.6899,-79.3853,
CA,Central Toronto (Summerhill West / Rathnelly / South Hill / Forest Hill SE / Deer Park),ON,43.6861,-79.4025,
CA,Downtown Toronto (Rosedale),ON,43.6827,-79.373,
CA,Downtown Toronto (St. James Town / Cabbagetown),ON,43.6684,-79.3689,
CA,Downtown Toronto (Church and Wellesley),ON,43.6656,-79.383,
CA,Downtown Toronto (Regent Park / Port of Toronto),ON,43.6555,-79.3626,
CA,Downtown Toronto (Ryerson),ON,43.6572,-79.3783,
CA,Downtown Toronto (St. James Park),ON,43.6513,-79.3756,
CA,Downtown Toronto (Berczy Park),ON,43.648,-79.3816,
CA,Downtown Toronto (Central Bay Street),ON,43.6564,-79.386,
CA,Downtown Toronto (Richmond / Adelaide / King),ON,43.6496,-79.3833,
CA,Downtown Toronto (Harbourfront East / Union Station / Toronto Island),ON,43.6329,-79.3611,
CA,Downtown Toronto (Toronto Dominion Centre / Design Exchange),ON,43.6469,-79.3823,
CA,Downtown Toronto (Commerce Court / Victoria Hotel),ON,43.6492,-79.3823,
CA,North York (Bedford Park / Lawrence Park West / Lawrence Manor East),ON,43.7335,-79.4177,
CA,Central Toronto (Roselawn),ON,43.7113,-79.4195,
CA,Central Toronto (Forest Hill North & West),ON,43.6966,-79.412,
CA,Central Toronto (The Annex / North Midtown / Yorkville),ON,43.6736,-79.4035,
CA,Downtown Toronto (University of Toronto / Harbord),ON,43.6629,-79.3987,
CA,Downtown Toronto (Kensington Market / Chinatown / Grange Park),ON,43.6541,-79.3978,
CA,Downtown Toronto (CN Tower / King and Spadina / Railway Lands / Harbourfront West / Bathurst Quay / South Niagara / YTZ),ON,43.6404,-79.3995,
CA,Downtown Toronto Stn A PO Boxes 25 The Esplanade (Enclave of M5E),ON,43.6437,-79.3787,
CA,Downtown Toronto (Underground city),ON,43.6492,-79.3823,
CA,North York (Lawrence Manor / Lawrence Heights),ON,43.7223,-79.4504,
CA,North York (Glencairn),ON,43.7081,-79.4479,
CA,York (Cedarvale),ON,43.6915,-79.4307,
CA,York (Fairbank / Oakwood),ON,43.6889,-79.4507,
CA,Downtown Toronto (Christie),ON,43.6683,-79.4205,
CA,West Toronto (Dufferin / Dovercourt Village),ON,43.6655,-79.4378,
CA,West Toronto (Rua Aþores / Trinity),ON,43.648,-79.4177,
CA,West Toronto (Brockton / Parkdale Village / Exhibition Place),ON,43.6383,-79.4301,
CA,North York (North Park / Maple Leaf Park / Upwood Park),ON,43.7137,-79.4869,
CA,York (Del Ray / Keelsdale / Mount Dennis / Silverthorne),ON,43.6934,-79.4857,
CA,York (Runnymede / The Junction North),ON,43.6748,-79.4839,
CA,West Toronto (High Park / The Junction South),ON,43.6605,-79.4633,
CA,West Toronto (Parkdale / Roncesvalles Village),ON,43.6469,-79.4521,
CA,West Toronto (Bloor West Village / Swansea),ON,43.6512,-79.4828,
CA,Queen's Park Ontario Provincial Government,ON,43.6641,-79.3889,
CA,East Toronto Business Reply Mail Processing Centre 969 Eastern (Enclave of M4L),ON,43.7804,-79.2505,
CA,Etobicoke (New Toronto / Mimico South / Humber Bay Shores),ON,43.6075,-79.5013,
CA,Etobicoke (Alderwood / Long Branch),ON,43.6021,-79.5402,
CA,Etobicoke (The Kingsway / Montgomery Road / Old Mill North),ON,43.6518,-79.5076,
CA,Etobicoke (Old Mill South / King's Mill Park / Sunnylea / Humber Bay / Mimico NE / The Queensway East / Royal York South East / Kingsway Park South East),ON,43.6325,-79.4939,
CA,Etobicoke (Mimico NW / The Queensway West / South of Bloor / Kingsway Park South West / Royal York South West),ON,43.6256,-79.5231,
CA,Etobicoke (Islington Avenue),ON,43.6662,-79.5282,
CA,Etobicoke (West Deane Park / Princess Gardens / Martin Grove / Islington / Cloverdale),ON,43.6505,-79.5517,
CA,Etobicoke (Eringate / Bloordale Gardens / Old Burnhamthorpe / Markland Woods),ON,43.6437,-79.5767,
CA,North York (Humber Summit),ON,43.7598,-79.5565,
CA,North York (Humberlea / Emery),ON,43.7366,-79.5401,
CA,Weston,ON,43.7068,-79.517,
CA,Etobicoke (Westmount),ON,43.6949,-79.5323,
CA,Etobicoke (Kingsview Village / St. Phillips / Martin Grove Gardens / Richview Gardens),ON,43.6898,-79.5582,
CA,Etobicoke (South Steeles / Silverstone / Humbergate / Jamestown / Mount Olive / Beaumond Heights / Thistletown / Albion Gardens),ON,43.7432,-79.5876,
CA,Etobicoke Northwest (Clairville / Humberwood / Woodbine Downs / West Humber / Kipling Heights / Rexdale / Elms / Tandridge / Old Rexdale),ON,43.7144,-79.5909,
CA,West Haldimand (Port Dover),ON,42.9403,-79.945,
CA,Wellington (Elora),ON,43.5569,-80.4414,
CA,Georgian Bay Southwest Shore (Dundalk),ON,44.2561,-80.5029,
CA,Brant and Norfolk (Waterford),ON,42.866,-80.4329,
CA,Huron (Wingham),ON,44.0024,-81.0676,
CA,Bruce Peninsula (Wiarton),ON,44.6941,-81.0962,
CA,Oxford (Norwich),ON,43.0506,-80.7094,
CA,Perth (Mitchell),ON,43.5067,-81.1582,
CA,Elgin (Dorchester),ON,42.7557,-81.4533,
CA,Middlesex (Clinton),ON,43.2788,-81.5442,
CA,Lambton (Forest),ON,42.9062,-82.11,
CA,Kent (Blenheim),ON,42.4448,-82.1805,
CA,Essex (Belle River),ON,42.1783,-82.7715,
CA,Dunnville,ON,42.9001,-79.6163,
CA,Guelph South,ON,43.4921,-80.2267,
CA,Guelph North,ON,43.5677,-80.2418,
CA,Guelph Central,ON,43.5184,-80.2257,
CA,Guelph Northwest,ON,43.5557,-80.2586,
CA,Guelph West,ON,43.5243,-80.2863,
CA,Guelph East,ON,43.516,-80.19,
CA,Fergus,ON,43.7001,-80.3664,
CA,Cambridge South,ON,43.3398,-80.2955,
CA,Cambridge Central,ON,43.353,-80.2727,
CA,Cambridge Southwest,ON,43.3592,-80.3347,
CA,Cambridge East,ON,43.3849,-80.2833,
CA,Kitchener East,ON,43.4413,-80.4246,
CA,Kitchener Northeast,ON,43.4646,-80.4467,
CA,Kitchener South Central,ON,43.4182,-80.4451,
CA,Kitchener Southwest,ON,43.4106,-80.5011,
CA,Kitchener Central,ON,43.4443,-80.4891,
CA,Kitchener North Central,ON,43.4581,-80.4818,
CA,Waterloo Southeast,ON,43.504,-80.5366,
CA,Kitchener North,ON,43.4961,-80.4936,
CA,Waterloo South,ON,43.4715,-80.5454,
CA,Kitchener Northwest,ON,43.4363,-80.5093,
CA,Kitchener West,ON,43.426,-80.5438,
CA,Kitchener Southeast,ON,43.3878,-80.4296,
CA,Kitchener South,ON,43.3849,-80.487,
CA,Waterloo Southwest,ON,43.453,-80.5692,
CA,Waterloo Northwest,ON,43.4764,-80.5842,
CA,Kincardine,ON,44.1664,-81.601,
CA,Baden,ON,43.4001,-80.6497,
CA,Elmira,ON,43.6001,-80.5497,
CA,Cambridge Northeast,ON,43.4389,-80.2649,
CA,Cambridge Northwest,ON,43.4193,-80.3505,
CA,Cambridge West,ON,43.4267,-80.3699,
CA,Paris,ON,43.2,-80.3833,
CA,Brantford Northeast,ON,43.1818,-80.2367,
CA,Brantford Central,ON,43.1692,-80.2684,
CA,Brantford Southeast,ON,43.1394,-80.2357,
CA,Brantford Southwest,ON,43.1355,-80.2467,
CA,Brantford Northwest,ON,43.1734,-80.298,
CA,Caledonia,ON,43.0668,-79.9329,
CA,Simcoe,ON,42.8334,-80.2997,
CA,Delhi,ON,42.8501,-80.4997,
CA,Tillsonburg,ON,42.8599,-80.7262,
CA,Owen Sound,ON,44.5672,-80.9435,
CA,Meaford,ON,44.6001,-80.583,
CA,Hanover,ON,44.1501,-81.033,
CA,Woodstock Central,ON,43.1432,-80.7338,
CA,Woodstock North,ON,43.1485,-80.7319,
CA,Woodstock South,ON,43.115,-80.743,
CA,Listowel,ON,43.7334,-80.9497,
CA,St. Mary's,ON,43.2655,-81.1687,
CA,Stratford South,ON,43.3679,-80.9802,
CA,Stratford North,ON,43.3668,-80.9497,
CA,Ingersoll,ON,43.0334,-80.883,
CA,Aylmer,ON,42.7668,-80.983,
CA,Port Stanley,ON,42.6668,-81.2164,
CA,St. Thomas North,ON,42.7779,-81.1769,
CA,St. Thomas South,ON,42.7597,-81.1762,
CA,London (YXU / North and East Argyle / East Huron Heights),ON,43.0233,-81.1643,
CA,London East (SW Argyle / Hamilton Road),ON,42.9856,-81.1821,
CA,London (Fanshawe / Stoneybrook / Stoney Creek / Uplands / East Masonville),ON,43.0443,-81.2391,
CA,London (West Huron Heights / Carling),ON,43.0123,-81.2307,
CA,London (Glen Cairn),ON,42.966,-81.2053,
CA,London North (UWO),ON,42.9976,-81.2563,
CA,London Central,ON,42.9835,-81.2386,
CA,London South (East Highland / North White Oaks / North Westminster),ON,42.9582,-81.238,
CA,London (South White Oaks / Central Westminster / East Longwoods / West Brockley),ON,42.9185,-81.2244,
CA,London (Sunningdale / West Masonville / Medway / NE Hyde Park / East Fox Hollow),ON,43.0147,-81.3049,
CA,London West (Central Hyde Park / Oakridge),ON,42.9915,-81.3402,
CA,London (Southcrest / East Westmount / West Highland),ON,42.9546,-81.2735,
CA,London (Riverbend / Woodhull / North Sharon Creek / Byron / West Westmount),ON,42.9536,-81.3418,
CA,London (East Tempo),ON,42.8719,-81.2472,
CA,London (Jackson / Old Victoria / Bradley / North Highbury),ON,42.9632,-81.1392,
CA,London (South Highbury / Glanworth / East Brockley / SE Westminster),ON,42.8997,-81.1592,
CA,London (Talbot / Lambeth / West Tempo / South Sharon Creek),ON,42.8909,-81.3236,
CA,Goderich,ON,43.7501,-81.7165,
CA,Strathroy,ON,42.9551,-81.6223,
CA,Chatham Northwest,ON,42.4209,-82.1993,
CA,Chatham Southeast,ON,42.413,-82.1893,
CA,Sarnia Central,ON,42.9888,-82.3592,
CA,Sarnia Southwest,ON,42.9519,-82.3314,
CA,Sarnia Northwest,ON,42.9998,-82.3926,
CA,Sarnia Southeast,ON,42.9644,-82.3259,
CA,Sarnia Northeast,ON,43.0214,-82.3212,
CA,Wallaceburg,ON,42.593,-82.3885,
CA,Leamington,ON,42.0549,-82.6062,
CA,Essex,ON,42.1751,-82.8248,
CA,Tecumseh Outskirts,ON,42.2946,-82.8667,
CA,Windsor (East Riverside),ON,42.3276,-82.9104,
CA,Windsor (East Forest Glade),ON,42.3067,-82.915,
CA,Windsor (Riverside),ON,42.3283,-82.9472,
CA,Windsor (West Forest Glade / East Fontainbleu),ON,42.3037,-82.9459,
CA,Tecumseh (YQG),ON,42.2773,-82.9447,
CA,Windsor (South Walkerville / West Fontainbleu / Walker Farm / Devonshire),ON,42.2836,-82.9771,
CA,Windsor South Central (West Walkerville / Remington Park),ON,42.2926,-83.0186,
CA,Windsor East (East Walkerville),ON,42.3176,-82.9929,
CA,Windsor (City Centre / NW Walkerville),ON,42.2398,-83.0088,
CA,Windsor (University / South Cameron),ON,42.2949,-83.052,
CA,Windsor (Sandwich / Ojibway / West Malden),ON,42.2767,-83.0793,
CA,Windsor South (East Malden),ON,42.2652,-83.0314,
CA,Windsor (Roseland),ON,42.2481,-82.9952,
CA,La Salle East,ON,42.2318,-83.0281,
CA,La Salle West,ON,42.2187,-83.0801,
CA,Tecumseh Central,ON,42.2978,-82.8701,
CA,Amherstburg,ON,42.1168,-83.0498,
CA,Kingsville,ON,42.0502,-82.7598,
CA,Nipissing Central (Burk's Falls),ON,45.5881,-79.3546,
CA,Nipissing South (Utterson),ON,45.1863,-79.4115,
CA,Parry Sound Mid-Shore (Bala),ON,45.1275,-79.786,
CA,Parry Sound South Shore (Kilworthy),ON,44.8608,-79.5069,
CA,Parry Sound North Shore (Nobel),ON,45.6718,-80.3688,
CA,Nipissing North (Callander),ON,46.3109,-79.3617,
CA,Timiskaming South (Temiskaming Shores),ON,47.5776,-80.2036,
CA,Timiskaming North (Iroquois Falls A),ON,48.5234,-80.3081,
CA,Cochrane Region (Hearst),ON,51.97,-83.5369,
CA,Algoma,Ontario,,47.6526,
CA,Timmins Region (South Porcupine),ON,48.6027,-81.0115,
CA,Manitoulin (Little Current),ON,46.0045,-82.169,
CA,Algoma Southwest (Blind River),ON,46.5984,-83.0385,
CA,Lake Superior East Shore (Wawa),ON,48.1716,-84.1012,
CA,Lake Superior North Shore (Marathon),ON,49.2924,-88.756,
CA,Northwestern Ontario (Red Lake),ON,52.9648,-90.1505,
CA,Rainy River Region (Emo),ON,48.875,-93.7522,
CA,Kenora Region (Keewatin),ON,50.9293,-93.3095,
CA,Lake of the Woods East Shore (Ingolf),ON,49.7603,-95.1003,
CA,North Bay South,ON,46.2801,-79.4502,
CA,North Bay Central,ON,46.3364,-79.583,
CA,North Bay North,ON,46.3397,-79.4223,
CA,Huntsville,ON,45.3334,-79.2163,
CA,Bracebridge,ON,45.0334,-79.3163,
CA,Gravenhurst,ON,44.9168,-79.3663,
CA,Parry Sound,ON,45.3501,-80.033,
CA,Sturgeon Falls,ON,46.3668,-79.9164,
CA,Kirkland Lake,ON,48.1446,-80.0377,
CA,Greater Sudbury (New Sudbury),ON,46.5187,-80.934,
CA,Greater Sudbury (Downtown / Minnow Lake),ON,46.4847,-80.9304,
CA,Greater Sudbury (Gatchell / West End / Little Britain),ON,46.5133,-81.0225,
CA,Greater Sudbury (Robinson / Lockerby),ON,46.2676,-80.9063,
CA,Greater Sudbury (Lo-Ellen / McFarlane Lake),ON,46.4031,-80.9745,
CA,Greater Sudbury (Garson),ON,46.5942,-80.85,
CA,Greater Sudbury (Val Caron),ON,46.5845,-81.0029,
CA,Greater Sudbury (Hanmer),ON,46.7259,-81.0166,
CA,Greater Sudbury (Lively),ON,46.4431,-81.127,
CA,Timmins Southeast,ON,48.4669,-81.3331,
CA,Timmins North,ON,48.4985,-81.3448,
CA,Timmins West,ON,48.4702,-81.3997,
CA,Elliot Lake,ON,46.3834,-82.6332,
CA,Espanola,ON,46.2584,-81.7665,
CA,Kapuskasing,ON,49.4169,-82.4331,
CA,Sault Ste. Marie East,ON,46.5168,-84.3333,
CA,Sault Ste. Marie Central,ON,46.5307,-84.3046,
CA,Sault Ste. Marie North,ON,46.5353,-84.3732,
CA,Thunder Bay Northeast,ON,48.4601,-89.2035,
CA,Thunder Bay North Central,ON,48.9475,-89.4063,
CA,Thunder Bay Central,ON,48.352,-89.4649,
CA,Thunder Bay South Central,ON,48.3684,-89.284,
CA,Thunder Bay North,ON,48.4001,-89.3168,
CA,Thunder Bay South,ON,48.2834,-89.3668,
CA,Thunder Bay West,ON,48.3728,-89.3484,
CA,Neebing,ON,48.1668,-89.4168,
CA,Dryden,ON,49.7833,-92.7503,
CA,Sioux Lookout,ON,50.0668,-91.9836,
CA,Fort Frances,ON,48.6187,-93.1363,
CA,Kenora,ON,49.7573,-94.3427,
CA,Montague,PE,46.1668,-62.6487,
CA,Kings and Queens counties (Elmira),PE,46.1668,-62.6487,
CA,Prince County (Portage),PE,46.6023,-63.9583,
CA,Charlottetown Southeast Prince Edward Island Provincial Government,PE,46.2716,-63.0165,
CA,Stratford,PE,46.2179,-63.0795,
CA,Charlottetown North,PE,46.2687,-63.0997,
CA,Charlottetown West,PE,46.3451,-63.2011,
CA,Summerside,PE,46.3959,-63.7876,
CA,Capitale-Nationale (Stoneham),QC,47.3507,-71.202,
CA,Cap-aux-Meules,QC,47.4501,-72.9913,
CA,Gaspésie-Sud (New Richmond),QC,48.3429,-65.5961,
CA,Gaspésie-Nord (Grande-Vallée),QC,48.9182,-65.3736,
CA,Côte-Nord/Anticosti (Schefferville),QC,52.7185,-65.0099,
CA,Manicouagan (Baie-Trinité),QC,49.3795,-67.8948,
CA,Gaspésie-Ouest (Causapscal),QC,48.5246,-67.0565,
CA,Bas-St-Laurent- Est (Sainte-Luce),QC,48.159,-68.1951,
CA,Bas-St-Laurent- Ouest (Trois-Pistoles),QC,47.7136,-69.1658,
CA,Région de Beauce (Saint-Prosper-De- Dorchester),QC,45.9718,-70.6565,
CA,Chaudière-Sud (Disraeli),QC,46.1069,-71.2451,
CA,Centre-du- Québec-Est (Saint-Valère),QC,46.0119,-71.7199,
CA,Appalaches (La Pocatière),QC,46.798,-70.3288,
CA,Chaudière-Nord (Saint-Joseph- De-Beauce),QC,46.4526,-71.4397,
CA,Le Fjord (Forestville),QC,49.0143,-69.6231,
CA,Saguenay- Lac-St-Jean (Alouette),QC,50.1719,-70.6283,
CA,Région de Mistassini (Chambord),QC,49.834,-72.2623,
CA,Mauricie (Parent),QC,47.9168,-74.6159,
CA,L'Erable (Nantes),QC,45.6242,-71.0191,
CA,Centre-du- Québec-Nord (Daveluyville),QC,46.179,-72.1569,
CA,Quebec Provincial Government,QC,46.8588,-71.192,
CA,Beauport North,QC,46.9263,-71.2258,
CA,Beauport Central,QC,46.8801,-71.196,
CA,Beauport South,QC,46.8588,-71.192,
CA,Jean-Talon Southeast,QC,46.8765,-71.2839,
CA,Charlesbourg South,QC,46.8528,-71.2573,
CA,Quebec City Lower Riverbank,QC,46.838,-71.2232,
CA,Quebec City Mid-Riverbank,QC,46.814,-71.2194,
CA,Quebec City Northeast,QC,46.8304,-71.2455,
CA,Quebec City North Central,QC,46.8183,-71.2706,
CA,Quebec City South Central,QC,46.8035,-71.2639,
CA,Quebec City West,QC,46.8097,-71.3102,
CA,Quebec City East,QC,46.8074,-71.2181,
CA,Quebec City South,QC,46.7933,-71.2453,
CA,Quebec City Upper Riverbank,QC,46.7741,-71.2609,
CA,Sainte-Foy Northeast,QC,46.7823,-71.2882,
CA,Sainte-Foy Southeast,QC,46.7589,-71.298,
CA,Sainte-Foy West,QC,46.7749,-71.3344,
CA,Cap-Rouge,QC,46.7507,-71.3562,
CA,Loretteville North,QC,46.8751,-71.392,
CA,Loretteville South,QC,46.8505,-71.3357,
CA,Quebec City Northwest,QC,46.8287,-71.334,
CA,L'Ancienne- Lorette Northeast,QC,46.8083,-71.3605,
CA,L'Ancienne- Lorette Southwest,QC,46.7903,-71.4157,
CA,Quebec City Inner North,QC,46.8399,-71.2781,
CA,Quebec City Outer North,QC,46.8545,-71.3044,
CA,Charlesbourg North,QC,46.8895,-71.2545,
CA,Jean-Talon Northeast,QC,46.922,-71.3056,
CA,Jean-Talon West,QC,46.9137,-71.3398,
CA,St-Augustin- De-Desmaures,QC,46.7406,-71.4513,
CA,Lac-Beauport,QC,46.9833,-71.2906,
CA,Stoneham-et-Tewkesbury,QC,47.1691,-71.4332,
CA,Saint-Émile,QC,46.8779,-71.3408,
CA,Lac-Saint-Charles,QC,46.9242,-71.3958,
CA,Pont-Rouge,QC,46.7547,-71.6957,
CA,Val-Bélair North,QC,46.8603,-71.4752,
CA,Val-Bélair South,QC,46.8315,-71.4429,
CA,Saint-Raymond,QC,45.467,-73.6095,
CA,Donnacona,QC,46.6804,-71.7239,
CA,Sainte-Catherine-de-la-Jacques-Cartier,QC,46.8524,-71.6206,
CA,Baie-Saint-Paul,QC,47.4411,-70.4986,
CA,Clermont,QC,47.7184,-70.2276,
CA,Sept-Îles Southeast,QC,50.8558,-67.0511,
CA,Sept-Îles Northwest,QC,50.2713,-66.3751,
CA,Les Îles-De-La- Madeleine,QC,47.3999,-61.7996,
CA,Sainte-Anne- Des-Monts,QC,48.9711,-66.3082,
CA,Matane,QC,48.8286,-67.522,
CA,Gaspé,QC,48.8334,-64.4819,
CA,Baie-Comeau Northeast,QC,51.0872,-68.632,
CA,La Malbaie,QC,47.6575,-70.1559,
CA,Port-Cartier,QC,50.0334,-66.8655,
CA,Baie-Comeau Southwest,QC,50.3474,-69.0411,
CA,Mont-Joli,QC,48.5839,-68.1921,
CA,Amqui,QC,48.4638,-67.4313,
CA,Rimouski Central,QC,48.4193,-68.5574,
CA,Rimouski Northeast,QC,48.4966,-68.458,
CA,Rimouski Southwest,QC,48.3668,-68.4659,
CA,Rivière-du-Loup,QC,47.8304,-69.5342,
CA,Degelis,QC,47.5473,-68.6431,
CA,Montmagny,QC,46.9804,-70.5549,
CA,Beauceville,QC,46.2179,-70.7787,
CA,Saint-Georges Central,QC,46.1326,-70.6375,
CA,Saint-Georges Southeast,QC,46.0642,-70.7118,
CA,Saint-Georges Northwest,QC,46.1437,-70.6817,
CA,Lac-Megantic,QC,45.5834,-70.8823,
CA,Pintendre,QC,46.7701,-71.0906,
CA,Sainte-Marie,QC,46.434,-71.0117,
CA,Thetford Mines,QC,46.0937,-71.3054,
CA,Black Lake,QC,46.1002,-71.3733,
CA,Saint-Etienne- De-Lauzon,QC,46.6358,-71.3098,
CA,Saint- Redempteur,QC,46.688,-71.3028,
CA,Plessisville,QC,46.2186,-71.762,
CA,Victoriaville Central,QC,46.0529,-71.9477,
CA,Victoriaville South,QC,46.016,-71.9561,
CA,Victoriaville East,QC,46.0264,-71.8719,
CA,Victoriaville Northwest,QC,46.0828,-71.9728,
CA,Lévis North,QC,46.8033,-71.1779,
CA,Lévis South,QC,46.7546,-71.22,
CA,Charny,QC,46.7151,-71.2612,
CA,Saint-Jean- Chrysostome,QC,46.6901,-71.1849,
CA,Saint-Nicolas,QC,46.6842,-71.3827,
CA,La Baie,QC,48.3398,-70.8893,
CA,Chicoutimi North,QC,48.445,-71.1025,
CA,Chicoutimi East,QC,48.4187,-71.0417,
CA,Chicoutimi West,QC,48.4175,-71.1031,
CA,Chicoutimi Southwest,QC,48.3689,-71.1175,
CA,Laterrière,QC,48.2007,-71.1426,
CA,Saint-Ambroise,QC,48.5501,-71.3158,
CA,Jonquière Northeast,QC,48.4294,-71.1774,
CA,Jonquière Southeast,QC,48.3975,-71.1527,
CA,Jonquière Central,QC,48.3199,-71.4149,
CA,Jonquière Southwest,QC,48.3701,-71.2358,
CA,Jonquière Northwest,QC,48.4381,-71.2642,
CA,Jonquière West,QC,48.4104,-71.3034,
CA,Alma Southeast,QC,48.5548,-71.673,
CA,Alma Southwest,QC,48.5278,-71.6364,
CA,Alma North,QC,48.6377,-71.6957,
CA,Métabetchouan- Lac-a-la-Croix,QC,47.8076,-71.5907,
CA,Roberval,QC,48.5168,-72.2324,
CA,Saint-Prime,QC,48.5834,-72.3324,
CA,Saint-Félicien,QC,48.6501,-72.4491,
CA,Dolbeau- Mistassini,QC,48.8763,-72.212,
CA,Albanel,QC,48.8832,-72.4487,
CA,Hébertville,QC,48.3473,-71.6786,
CA,Chibougamau,QC,49.9168,-74.3659,
CA,Cap-de-la- Madeleine Central and southeast,QC,46.3877,-72.5357,
CA,Cap-de-la- Madeleine Northeast,QC,46.4098,-72.4908,
CA,Cap-de-la- Madeleine West,QC,46.4165,-72.6008,
CA,Trois-Rivières Central,QC,46.3668,-72.6168,
CA,Trois-Rivières Northeast,QC,46.3458,-72.5716,
CA,Trois-Rivières East,QC,46.3556,-72.6392,
CA,Trois-Rivières South,QC,46.316,-72.6833,
CA,Trois-Rivières West,QC,46.3922,-72.6725,
CA,Becancour,QC,46.3334,-72.4324,
CA,Shawinigan Central,QC,46.5564,-72.7198,
CA,Shawinigan Southeast,QC,46.5068,-72.7436,
CA,Shawinigan Northwest,QC,46.6098,-72.8266,
CA,Grand-Mère,QC,46.6315,-72.737,
CA,La Tuque,QC,47.4334,-72.7824,
CA,Reserved (Santa Claus),QC,90,0,
CA,Akwesasne Region (Akwesasne),QC,45.6986,-73.5025,
CA,Pointe-Aux-Trembles,QC,45.6753,-73.5016,
CA,Montreal East,QC,45.632,-73.5075,
CA,Rivière-des-Prairies Northeast,QC,45.6656,-73.5367,
CA,Rivière-Des-Prairies Southwest,QC,45.6342,-73.5842,
CA,Montreal North North,QC,45.6109,-73.6211,
CA,Montreal North South,QC,45.5899,-73.6389,
CA,Anjou West,QC,45.6097,-73.5794,
CA,Anjou East,QC,45.6097,-73.5472,
CA,Mercier North,QC,45.6043,-73.5178,
CA,Mercier West,QC,45.5883,-73.5572,
CA,Mercier Southeast,QC,45.5779,-73.5304,
CA,Saint-Léonard North,QC,45.5966,-73.5928,
CA,Saint-Léonard West,QC,45.5864,-73.6082,
CA,Saint-Léonard Southeast,QC,45.5808,-73.5825,
CA,Rosemont North,QC,45.573,-73.5701,
CA,Maisonneuve,QC,45.5585,-73.5386,
CA,Hochelaga,QC,45.5442,-73.5468,
CA,Rosemont Central,QC,45.5583,-73.5701,
CA,Rosemont South,QC,45.5486,-73.5788,
CA,Saint-Michel West,QC,45.5694,-73.6221,
CA,Saint-Michel East,QC,45.5618,-73.599,
CA,Ahuntsic North,QC,45.5741,-73.6507,
CA,Ahuntsic Central,QC,45.5606,-73.6584,
CA,Villeray Northeast,QC,45.5514,-73.6116,
CA,Petite-Patrie Northeast,QC,45.5438,-73.5927,
CA,Plateau Mont-Royal North,QC,45.5374,-73.5735,
CA,Plateau Mont-Royal North Central,QC,45.5302,-73.5831,
CA,Centre-Sud North,QC,45.5307,-73.5547,
CA,Centre-Sud South,QC,45.5186,-73.5545,
CA,Ahuntsic East,QC,45.5528,-73.6411,
CA,Ahuntsic Southeast,QC,45.5394,-73.6513,
CA,Villeray West,QC,45.5435,-73.6339,
CA,Villeray Southeast,QC,45.5401,-73.6225,
CA,Petite-Patrie Southwest,QC,45.5354,-73.6061,
CA,Plateau Mont-Royal West,QC,45.5247,-73.5953,
CA,Outremont,QC,45.5168,-73.6072,
CA,Plateau Mont-Royal South Central,QC,45.5176,-73.5804,
CA,Plateau Mont-Royal Southeast,QC,45.5115,-73.5683,
CA,Old Montreal,QC,45.5057,-73.555,
CA,Downtown Montreal Northeast,QC,45.5052,-73.5622,
CA,Downtown Montreal North,QC,45.504,-73.5747,
CA,Downtown Montreal East,QC,45.5005,-73.5684,
CA,Griffintown (Includes Île Notre-Dame & Île Sainte-Hélène),QC,45.498,-73.5472,
CA,L'Île-Des-Soeurs,QC,45.4594,-73.5501,
CA,Downtown Montreal Southeast,QC,45.4987,-73.5793,
CA,Downtown Montreal South & West,QC,45.5009,-73.5877,
CA,Petite-Bourgogne,QC,45.4861,-73.5732,
CA,Pointe-Saint-Charles,QC,45.4805,-73.5554,
CA,Ahuntsic Southwest,QC,45.5467,-73.6718,
CA,Cartierville Northeast,QC,45.5383,-73.6932,
CA,Parc-Extension,QC,45.5302,-73.6327,
CA,Mount Royal North,QC,45.5217,-73.6393,
CA,Mount Royal Central,QC,45.5101,-73.6478,
CA,Côte-des-Neiges North,QC,45.5063,-73.6297,
CA,Côte-des-Neiges Northeast,QC,45.5018,-73.6191,
CA,Côte-des-Neiges East,QC,45.499,-73.6089,
CA,Côte-des-Neiges Southwest,QC,45.4897,-73.6312,
CA,Hampstead,QC,45.4819,-73.6421,
CA,Westmount West,QC,45.4876,-73.6045,
CA,Westmount East,QC,45.4825,-73.5933,
CA,Notre-Dame-de-GrÔce Northeast,QC,45.4717,-73.6149,
CA,Notre-Dame-de-GrÔce Southwest,QC,45.4604,-73.6303,
CA,Saint-Henri,QC,45.4737,-73.5882,
CA,Ville Émard,QC,45.4546,-73.5985,
CA,Verdun North,QC,45.4643,-73.5698,
CA,Verdun South,QC,45.4459,-73.5815,
CA,Cartierville Central,QC,45.5313,-73.7091,
CA,Cartierville Southwest,QC,45.5171,-73.7363,
CA,Saint-Laurent Inner Northeast,QC,45.517,-73.6831,
CA,Saint-Laurent East,QC,45.4979,-73.6886,
CA,Saint-Laurent Outer Northeast,QC,45.5263,-73.6649,
CA,Mount Royal South,QC,45.4964,-73.6647,
CA,Saint-Laurent Central,QC,45.5049,-73.7142,
CA,Saint-Laurent Southwest,QC,45.4858,-73.7433,
CA,Saint-Laurent Southeast,QC,45.4752,-73.6961,
CA,Côte-Saint-Luc East,QC,45.4671,-73.6487,
CA,Côte-Saint-Luc West,QC,45.4649,-73.6828,
CA,Montreal West,QC,45.4529,-73.6492,
CA,Dorval Central,QC,45.8654,-72.7614,
CA,Tour de la Bourse,QC,45.5061,-73.5573,
CA,Place Bonaventure,QC,45.4992,-73.5646,
CA,Place Desjardins,QC,45.5066,-73.5623,
CA,Duvernay-Est,QC,45.6739,-73.5924,
CA,Saint-Franþois,QC,45.6757,-73.6388,
CA,Saint-Vincent-de-Paul,QC,45.6168,-73.6492,
CA,Duvernay,QC,45.6236,-73.6748,
CA,Pont-Viau,QC,45.5771,-73.6873,
CA,Auteuil West,QC,45.6409,-73.7542,
CA,Auteuil Northeast,QC,45.6625,-73.7002,
CA,Auteuil South,QC,45.6213,-73.7398,
CA,Sainte-Rose,QC,45.6168,-73.7825,
CA,Vimont,QC,45.5984,-73.7159,
CA,Laval-des-Rapides,QC,45.5501,-73.6992,
CA,Fabreville,QC,45.578,-73.8004,
CA,Laval-sur-le-Lac,QC,45.5526,-73.8507,
CA,Chomedey Northeast,QC,45.5793,-73.7367,
CA,Chomedey Northwest,QC,45.5573,-73.7725,
CA,Chomedey East,QC,45.5478,-73.7368,
CA,Chomedey South,QC,45.5338,-73.7652,
CA,Sainte-Dorothée,QC,45.5334,-73.8159,
CA,Îles-Laval,QC,45.5284,-73.8509,
CA,LaSalle Northwest,QC,45.438,-73.6215,
CA,LaSalle Southeast,QC,45.4152,-73.6107,
CA,Saint-Pierre,QC,45.4163,-73.6558,
CA,Lachine East,QC,45.4402,-73.6747,
CA,Lachine West,QC,45.4419,-73.7057,
CA,Roxboro,QC,45.5084,-73.8075,
CA,Pierrefonds,QC,45.5069,-73.8407,
CA,Dollard-Des- Ormeaux Northwest,QC,45.4948,-73.8317,
CA,Dollard-Des- Ormeaux East,QC,45.4897,-73.7958,
CA,L'Île Bizard Northeast,QC,45.5055,-73.8789,
CA,L'Île-Bizard Southwest,QC,45.4865,-73.9092,
CA,Dollard-Des- Ormeaux Southwest,QC,45.4756,-73.8367,
CA,Sainte-Geneviève,QC,45.4683,-73.8565,
CA,Kirkland,QC,45.4501,-73.8659,
CA,Senneville,QC,45.4577,-73.9162,
CA,Dorval Outskirts,QC,45.4639,-73.7543,
CA,Pointe-Claire,QC,45.4487,-73.8167,
CA,L'Île-Dorval,QC,45.4414,-73.7749,
CA,Beaconsfield,QC,45.4334,-73.8659,
CA,Sainte-Anne-De- Bellevue,QC,45.4062,-73.9456,
CA,Centre-du- Québec-Sud (Warwick),QC,45.8382,-71.9542,
CA,Estrie-Est (Stanstead),QC,45.1001,-72.0491,
CA,Centre-du- Québec-Ouest (Saint- Bonaventure),QC,45.9245,-72.4925,
CA,Estrie-Ouest (Fulford),QC,45.2831,-72.5244,
CA,Bois-Francs-Nord (Odanak),QC,46.021,-72.8239,
CA,Bois-Francs-Sud (Saint-Nazaire- D'Acton),QC,45.6609,-72.77,
CA,Montérégie-Est (Bedford),QC,45.1529,-73.1636,
CA,Lanaudière-Nord (Saint-Esprit),QC,46.7966,-73.8705,
CA,Montérégie-Nord (Saint-Antoine- Sur-Richelieu),QC,45.409,-73.3847,
CA,Nunavik (Kuujjuaq),QC,58.3269,-72.1637,
CA,Région d'Oka (Oka),QC,45.6173,-73.9483,
CA,Vaudreuil- Soulanges (Coteau-du-Lac),QC,45.3655,-74.312,
CA,Lanaudière-Sud (Prévost),QC,45.866,-74.1785,
CA,Montérégie- Ouest (Saint-Anicet),QC,45.1082,-74.0451,
CA,Laurentides-Nord (Montcalm),QC,46.3002,-74.5855,
CA,Laurentides-Sud (Chénéville),QC,45.8265,-74.9318,
CA,Outaouais-Nord (Ferme-Neuve),QC,47.0921,-75.7967,
CA,Outaouais-Sud (Thurso),QC,46.307,-76.7653,
CA,Abitibi- Témiscamingue- Est (Radisson),QC,52.1046,-75.2807,
CA,Abitibi- Témiscamingue- Ouest (Guigues),QC,47.8626,-78.824,
CA,Coaticook,QC,45.1334,-71.7991,
CA,Bromptonville,QC,45.4797,-71.9492,
CA,Sherbrooke Northeast,QC,45.4231,-71.8723,
CA,Sherbrooke East,QC,45.4024,-71.8479,
CA,Sherbrooke Central,QC,45.4161,-71.8939,
CA,Sherbrooke North,QC,45.4131,-71.9238,
CA,Sherbrooke West,QC,45.3822,-71.9327,
CA,Sherbrooke Northwest,QC,45.4113,-71.9586,
CA,Sherbrooke Southeast,QC,45.3656,-71.842,
CA,Rock Forest,QC,45.3395,-72.0128,
CA,Saint-Élie-d'Orford,QC,45.3966,-72.0422,
CA,Windsor,QC,45.5668,-71.9991,
CA,Asbestos,QC,45.7668,-71.9324,
CA,Magog,QC,45.2668,-72.1491,
CA,Saint-Cyrille- De-Wendover,QC,45.9334,-72.4324,
CA,Drummondville Southeast,QC,45.8152,-72.4027,
CA,Drummondville South,QC,45.903,-72.5361,
CA,Drummondville Central,QC,45.8893,-72.5055,
CA,Drummondville Northwest,QC,45.9099,-72.5289,
CA,Granby Central,QC,45.4046,-72.7202,
CA,Granby East,QC,45.3938,-72.7005,
CA,Granby West,QC,45.4005,-72.7825,
CA,Cowansville,QC,45.2001,-72.7491,
CA,Bromont,QC,45.3168,-72.6491,
CA,Shefford,QC,45.3501,-72.5658,
CA,Farnham,QC,45.2834,-72.9824,
CA,Saint-Hyacinthe Northwest,QC,45.6567,-72.9237,
CA,Saint-Hyacinthe Southwest,QC,45.6139,-72.9912,
CA,Saint-Hyacinthe East,QC,45.5971,-72.9366,
CA,Saint-Luc,QC,45.3694,-73.3137,
CA,Saint-Jean- sur-Richelieu East,QC,45.309,-73.219,
CA,Saint-Jean- sur-Richelieu West,QC,45.3114,-73.3556,
CA,Saint-Jean- sur-Richelieu North,QC,45.3339,-73.2744,
CA,Saint-Jean- sur-Richelieu Central,QC,45.2832,-73.2792,
CA,Sainte-Julie,QC,45.5834,-73.3325,
CA,Beloeil West,QC,45.5946,-73.2283,
CA,Beloeil East,QC,45.5527,-73.1755,
CA,Chambly,QC,45.4501,-73.2825,
CA,Marieville,QC,45.4334,-73.1659,
CA,Saint-Basile- Le-Grand,QC,45.5334,-73.2825,
CA,Sorel Central,QC,46.0365,-73.0665,
CA,Sorel Southwest,QC,46.0206,-73.1439,
CA,Nicolet,QC,46.2168,-72.6158,
CA,Saint-Bruno,QC,45.532,-73.3437,
CA,Varennes,QC,45.6834,-73.4325,
CA,Saint-Hubert Central,QC,45.4906,-73.3991,
CA,Saint-Hubert East,QC,45.4913,-73.3953,
CA,Boucherville,QC,45.591,-73.4361,
CA,Longueuil North,QC,45.5679,-73.4761,
CA,Longueuil West,QC,45.5372,-73.5056,
CA,Longueuil Central,QC,45.5362,-73.4721,
CA,Longueuil Southwest,QC,45.5183,-73.5023,
CA,Longueuil Southeast,QC,45.5181,-73.4576,
CA,Longueuil East,QC,45.5418,-73.4382,
CA,Longueuil Northeast,QC,45.5523,-73.4558,
CA,Saint-Lambert North,QC,45.5073,-73.5082,
CA,Saint-Lambert Central,QC,45.4924,-73.5009,
CA,Saint-Lambert South,QC,45.481,-73.497,
CA,Saint-Hubert West,QC,45.4973,-73.4676,
CA,Greenfield Park,QC,45.4865,-73.4622,
CA,Brossard Northwest,QC,45.4674,-73.4832,
CA,Brossard Southwest,QC,45.4455,-73.4841,
CA,Brossard South,QC,45.4414,-73.4561,
CA,Brossard Northeast,QC,45.4424,-73.4231,
CA,Saint-Constant,QC,45.3668,-73.5659,
CA,Delson,QC,45.3668,-73.5492,
CA,Sainte-Catherine,QC,45.4001,-73.5825,
CA,Saint-Sophie,QC,45.8306,-73.9191,
CA,Saint-Colomban,QC,45.7334,-74.1325,
CA,Saint-Jérôme West,QC,45.7987,-74.0727,
CA,Saint-Lin- Laurentides,QC,45.8501,-73.7659,
CA,La Prairie,QC,45.4168,-73.4992,
CA,Lavaltrie,QC,45.8834,-73.2825,
CA,Louiseville,QC,46.2559,-72.9415,
CA,L'Assomption,QC,45.8232,-73.4294,
CA,L'Épiphanie,QC,45.8501,-73.4825,
CA,Repentigny Northeast,QC,45.7774,-73.4252,
CA,Repentigny West,QC,45.7643,-73.5036,
CA,Repentigny South,QC,45.7395,-73.4588,
CA,Joliette,QC,46.0168,-73.4492,
CA,ChÔteauguay North,QC,45.3691,-73.7216,
CA,ChÔteauguay South,QC,45.3526,-73.7305,
CA,Beauharnois,QC,45.3168,-73.8659,
CA,Mercier,QC,45.3168,-73.7492,
CA,Salaberry-de- Valleyfield North,QC,45.2702,-74.0482,
CA,Salaberry-de- Valleyfield South,QC,45.2409,-74.1098,
CA,Terrebonne East,QC,45.714,-73.5357,
CA,Terrebonne Central,QC,45.7064,-73.6178,
CA,Terrebonne Northwest,QC,45.7275,-73.7062,
CA,Terrebonne Southwest,QC,45.7,-73.752,
CA,Sainte-Thérèse- de-Blainville Northeast,QC,45.6694,-73.7752,
CA,Sainte-Thérèse- de-Blainville East,QC,45.6383,-73.7975,
CA,Sainte-Thérèse- de-Blainville North,QC,45.6602,-73.8157,
CA,Sainte-Thérèse- de-Blainville Northwest,QC,45.689,-73.8671,
CA,Sainte-Thérèse- de-Blainville Central,QC,45.6545,-73.842,
CA,Sainte-Thérèse- de-Blainville South,QC,45.6095,-73.8378,
CA,Sainte-Thérèse- de-Blainville Southwest,QC,45.6209,-73.8728,
CA,Mirabel Northeast,QC,45.7045,-73.9472,
CA,Mascouche Extremities,QC,45.77,-73.6049,
CA,Mascouche Central,QC,45.7424,-73.6509,
CA,La Plaine,QC,45.7888,-73.7442,
CA,Mirabel Southwest,QC,45.6345,-74.1005,
CA,Saint-Eustache Northeast,QC,45.5779,-73.8809,
CA,Saint-Eustache Southwest,QC,45.574,-73.94,
CA,Vaudreuil- Dorion RCM,QC,45.3702,-74.1249,
CA,Vaudreuil- Dorion,QC,45.4001,-74.0325,
CA,Pincourt,QC,45.3665,-73.9736,
CA,Valleyfield,QC,45.2691,-74.2339,
CA,Saint-Jérôme North,QC,45.8058,-74.0165,
CA,Saint-Jérôme Southeast,QC,45.7788,-73.9829,
CA,Saint-Hippolyte,QC,45.9334,-74.0159,
CA,Sainte-Adèle,QC,45.9501,-74.1325,
CA,Sainte-Agathe- Des-Monts,QC,46.0501,-74.2825,
CA,Mont-Tremblant,QC,46.1949,-74.6264,
CA,Chatham,QC,45.6834,-74.4159,
CA,Lachute,QC,45.6501,-74.3325,
CA,Buckingham,QC,45.5856,-75.4208,
CA,Masson-Angers,QC,45.5435,-75.4274,
CA,Val-des-Monts,QC,45.6501,-75.666,
CA,Gatineau Southeast,QC,45.4869,-75.6157,
CA,Gatineau Northeast,QC,45.5287,-75.6088,
CA,Gatineau Southwest,QC,45.4776,-75.7059,
CA,Gatineau Northwest,QC,45.5711,-75.7615,
CA,Hull Southeast,QC,45.44,-75.7119,
CA,Hull Central,QC,45.448,-75.7434,
CA,Hull North,QC,45.4716,-75.7616,
CA,Hull Southwest,QC,45.4279,-75.7711,
CA,Chelsea,QC,45.5001,-75.7827,
CA,Maniwaki,QC,46.3834,-75.966,
CA,Aylmer South,QC,45.3932,-75.8288,
CA,Aylmer North,QC,45.4394,-75.8465,
CA,Mont-Laurier,QC,46.5501,-75.4993,
CA,Val-d'Or,QC,48.1002,-77.7828,
CA,Amos,QC,48.5669,-78.1162,
CA,Ville-Marie,QC,47.3334,-79.433,
CA,Rouyn-Noranda South,QC,48.3137,-78.9655,
CA,Rouyn-Noranda North,QC,48.1607,-79.0714,
CA,La Sarre,QC,48.8002,-79.1996,
CA,Yorkton Region (Melville),SK,51.4818,-102.9065,
CA,Southeastern Saskatchewan (Carlyle),SK,49.3961,-103.2567,
CA,Eastern Saskatchewan (Melfort),SK,53.1363,-103.0999,
CA,South Central Saskatchewan (Fort Qu'Appelle),SK,50.5767,-104.1,
CA,Southern Saskatchewan (Assiniboia),SK,49.9841,-106.249,
CA,Northern Saskatchewan (La Ronge),SK,57.1992,-105.8242,
CA,Central Saskatchewan (Humboldt),SK,52.2623,-106.502,
CA,Western Saskatchewan (Kindersley),SK,51.4827,-108.4898,
CA,Northwestern Saskatchewan (Battleford),SK,54.9235,-108.9572,
CA,Southwestern Saskatchewan (Maple Creek),SK,49.9116,-108.7236,
CA,Northeastern Saskatchewan (Creighton),SK,55.0162,-102.7415,
CA,Buena Vista,SK,50.7834,-104.9511,
CA,Yorkton,SK,51.2167,-102.4677,
CA,Estevan,SK,49.1334,-102.9842,
CA,Weyburn,SK,49.6668,-103.8511,
CA,Regina East,SK,50.4132,-104.2733,
CA,Regina Northeast and East Central,SK,50.4671,-104.541,
CA,Regina Central,SK,50.419,-104.6774,
CA,Regina North Central,SK,50.4855,-104.6163,
CA,Regina South Saskatchewan Provincial Government,SK,50.4153,-104.6103,
CA,Regina West,SK,50.4507,-104.665,
CA,Regina Southeast,SK,50.4251,-104.5389,
CA,Regina Southwest,SK,50.4078,-104.6536,
CA,Regina Northwest,SK,50.5024,-104.5946,
CA,Regina Outer Northwest,SK,50.4768,-104.6986,
CA,Regina Northeast,SK,50.4497,-104.5323,
CA,Moose Jaw Southeast,SK,50.2635,-105.5815,
CA,Moose Jaw Northeast,SK,50.4185,-105.5393,
CA,Moose Jaw West,SK,50.454,-105.6418,
CA,Prince Albert Central,SK,54.493,-104.3049,
CA,Prince Albert Southwest,SK,53.1785,-105.7741,
CA,Prince Albert East,SK,53.1936,-105.7025,
CA,Saskatoon East Central,SK,52.1168,-106.6345,
CA,Saskatoon South Central,SK,52.0961,-106.6252,
CA,Saskatoon North Central,SK,52.0614,-106.6479,
CA,Saskatoon West,SK,52.1526,-106.7066,
CA,Saskatoon Southwest,SK,52.1133,-106.7235,
CA,Saskatoon Northeast Central,SK,52.1404,-106.608,
CA,Saskatoon North,SK,52.2688,-106.5076,
CA,Saskatoon Northwest,SK,52.1588,-106.7163,
CA,Saskatoon Northeast,SK,52.1609,-106.5864,
CA,Saskatoon South,SK,52.0403,-106.6595,
CA,Saskatoon Southeast,SK,52.0976,-106.5553,
CA,Saskatoon,SK,52.157,-106.5614,
CA,North Battleford,SK,52.7834,-108.2847,
CA,Swift Current,SK,50.2834,-107.8013,
CA,Lloydminster,SK,53.2835,-110.0016,
CA,Meadow Lake,SK,54.1335,-108.4347,
CA,Southeastern Yukon (Watson Lake),YT,61.5793,-131.1481,
CA,Central Yukon (Dawson City),YT,64.645,-137.536,
CA,Whitehorse,YT,60.7161,-135.0537,
